/*
SQLyog Community v11.13 (32 bit)
MySQL - 5.7.9 : Database - spip
*********************************************************************
*/

/*!40101 SET NAMES utf8 */;

/*!40101 SET SQL_MODE=''*/;

/*!40014 SET @OLD_UNIQUE_CHECKS=@@UNIQUE_CHECKS, UNIQUE_CHECKS=0 */;
/*!40101 SET @OLD_SQL_MODE=@@SQL_MODE, SQL_MODE='NO_AUTO_VALUE_ON_ZERO' */;
/*!40111 SET @OLD_SQL_NOTES=@@SQL_NOTES, SQL_NOTES=0 */;
CREATE DATABASE /*!32312 IF NOT EXISTS*/`spip` /*!40100 DEFAULT CHARACTER SET latin1 */;

USE `spip`;

/*Table structure for table `spip_articles` */

CREATE TABLE `spip_articles` (
  `id_article` bigint(21) NOT NULL AUTO_INCREMENT,
  `surtitre` text NOT NULL,
  `titre` text NOT NULL,
  `soustitre` text NOT NULL,
  `id_rubrique` bigint(21) NOT NULL DEFAULT '0',
  `descriptif` text NOT NULL,
  `chapo` mediumtext NOT NULL,
  `texte` longtext NOT NULL,
  `ps` mediumtext NOT NULL,
  `date` datetime NOT NULL DEFAULT '0000-00-00 00:00:00',
  `statut` varchar(10) NOT NULL DEFAULT '0',
  `id_secteur` bigint(21) NOT NULL DEFAULT '0',
  `maj` timestamp NULL DEFAULT NULL,
  `export` varchar(10) DEFAULT 'oui',
  `date_redac` datetime NOT NULL DEFAULT '0000-00-00 00:00:00',
  `visites` int(11) NOT NULL DEFAULT '0',
  `referers` int(11) NOT NULL DEFAULT '0',
  `popularite` double NOT NULL DEFAULT '0',
  `accepter_forum` char(3) NOT NULL DEFAULT '',
  `date_modif` datetime NOT NULL DEFAULT '0000-00-00 00:00:00',
  `lang` varchar(10) NOT NULL DEFAULT '',
  `langue_choisie` varchar(3) DEFAULT 'non',
  `id_trad` bigint(21) NOT NULL DEFAULT '0',
  `nom_site` tinytext NOT NULL,
  `url_site` text NOT NULL,
  `virtuel` text NOT NULL,
  PRIMARY KEY (`id_article`),
  KEY `id_rubrique` (`id_rubrique`),
  KEY `id_secteur` (`id_secteur`),
  KEY `id_trad` (`id_trad`),
  KEY `lang` (`lang`),
  KEY `statut` (`statut`,`date`)
) ENGINE=MyISAM AUTO_INCREMENT=22 DEFAULT CHARSET=utf8;

/*Data for the table `spip_articles` */

insert  into `spip_articles`(`id_article`,`surtitre`,`titre`,`soustitre`,`id_rubrique`,`descriptif`,`chapo`,`texte`,`ps`,`date`,`statut`,`id_secteur`,`maj`,`export`,`date_redac`,`visites`,`referers`,`popularite`,`accepter_forum`,`date_modif`,`lang`,`langue_choisie`,`id_trad`,`nom_site`,`url_site`,`virtuel`) values (1,'','Le sud Loire à Nantes','',2,'','','{{{Lorem ipsum dolor sit amet}}}\n\nLa ville de [Nantes->http://www.nantes.fr/home.html], consectetur adipiscing elit. Integer {{pellentesque metus sit}} amet consectetur luctus. Nam «vehicula» pretium orci id imperdiet. Donec venenatis nisl ex, vitae accumsan nisi Éllentesque posuere. Donec {commodo commodo ligula}, a pharetra eros sodales sed. Aliquam [[sagittis varius orci]], et consectetur ex vestibulum tristique. Etiam lacinia sed nibh ut ornare. \n\n-* Nunc sed purus\n-* ut lectus aliquam\n-* varius quis ac nibh\n\n{{{Pellentesque habitant morbi tristique.}}}\n\n<quote>Mauris vestibulum fringilla augue, a efficitur quam auctor ac. Integer porta, quam id lobortis scelerisque, nunc ante mattis tellus, eu tincidunt est mi ut mi.</quote>\n\n<poesie>Mauris vestibulum fringilla augue, a efficitur quam auctor ac. Integer porta, quam id lobortis scelerisque, nunc ante mattis tellus, eu tincidunt est mi ut mi.</poesie>\n\n<code><p class=\"titre\">Mon texte</p></code>\n\n<cadre>Mauris ut lectus at eros congue faucibus quis non dui. Sed sodales risus facilisis aliquet porta. Quisque vel aliquam ligula. Integer elementum gravida mi, et faucibus tellus efficitur ut.</cadre>\n\n{{{Proin ullamcorper felis.}}}\n\nAc mollis magna tristique sed. Phasellus commodo fermentum gravida. Sed quis pretium metus. Quisque semper aliquam ex lacinia ullamcorper. Nunc sed magna et diam vulputate aliquam sit amet quis lectus. Integer vel fringilla ante, sed pretium magna.\n\nVivamus vestibulum, magna at volutpat sodales, mi nulla lacinia enim, quis porttitor quam mi vel nisl. In semper molestie ullamcorper. Quisque viverra eros et rutrum cursus. Fusce commodo nisi et placerat malesuada. Nulla sagittis, augue eu pretium cursus, velit ligula lobortis nisl, id ullamcorper orci tellus et neque. Proin in molestie dui. Duis varius nec felis eget maximus. Integer laoreet at ex ut egestas. Cras tempor in risus non laoreet.','','2017-03-06 16:30:00','publie',13,NULL,'oui','0000-00-00 00:00:00',0,0,0,'non','2017-07-24 14:23:49','fr','non',0,'','',''),(2,'','Parc national des Écrin','',5,'','','{{{Etiam eleifend velit in tempus.}}}\n\niaculis. Duis sed metus maximus, mollis elit nec, interdum nisl. Orci varius natoque penatibus et magnis dis parturient montes, nascetur ridiculus mus. Maecenas eget lacus mi. Mauris imperdiet mi sed mi imperdiet, pharetra faucibus diam aliquam. Pellentesque in maximus neque, sed tristique arcu. Curabitur bibendum erat dui, sit amet faucibus ligula placerat lobortis. Vivamus dictum in ipsum sit amet sollicitudin. Morbi leo lectus, malesuada quis ante ut, tristique faucibus orci. Sed varius rutrum ante, id varius ex euismod sit amet. Etiam volutpat, risus at ornare viverra, velit justo egestas metus, eu fringilla nisl urna ut diam.\n\nSed ut odio egestas, egestas justo at, fermentum justo. Ut feugiat porttitor tellus, nec porta magna tincidunt a. Ut sollicitudin purus massa, eget pellentesque leo vulputate et. Nunc ac volutpat tellus, at egestas neque. Lorem ipsum dolor sit amet, consectetur adipiscing elit. Nullam at justo semper, gravida lorem sit amet, sagittis ligula. Cras fringilla quam quis massa finibus vehicula. ','','2017-07-24 14:54:46','publie',13,NULL,'oui','0000-00-00 00:00:00',0,0,0,'non','2017-07-24 14:30:27','fr','non',0,'','',''),(3,'','Le Port de Saint-Nazaire','',2,'','','{{{Quisque magna tellus.}}}\n\nharetra id volutpat eu, lobortis vel nisl. Integer placerat velit mollis eleifend porta. Curabitur mollis, metus id tempor efficitur, urna neque condimentum libero, quis eleifend leo ante sit amet sem. Nulla id laoreet diam. Donec ultricies imperdiet nisi, ac ullamcorper orci. Sed et sem in lectus laoreet faucibus. Donec vestibulum consequat vulputate. Nam convallis nisi nibh, ut cursus velit elementum sit amet. Quisque iaculis, ante vel commodo accumsan, arcu neque tempor justo, vitae euismod odio lacus consectetur nunc. Cras faucibus, libero ac venenatis tempus, tortor nibh tincidunt nulla, nec fringilla purus neque at massa. Nam sit amet nibh diam. Nulla facilisi. Integer facilisis vehicula metus at mollis. Fusce mattis nulla non leo tempus euismod posuere at eros. Morbi accumsan varius pulvinar. Sed viverra eleifend aliquet.\n\n\n{{{Fusce nec fermentum nisl.}}}\n\nNullam at enim at dolor pretium imperdiet. Nulla pulvinar, magna eu pharetra venenatis, lacus quam convallis ipsum, in convallis nulla dolor vel nibh. Suspendisse ipsum ante, euismod vitae purus non, commodo accumsan nulla. Sed pharetra elit id est pulvinar, non fermentum eros tempus. Ut et ex pulvinar, lobortis enim aliquam, venenatis arcu. Maecenas consectetur turpis in ultrices elementum. Aenean sed malesuada ligula. Aenean tempor felis posuere arcu semper, et suscipit quam sodales. Praesent pellentesque mattis felis, ut placerat mi malesuada vel. Cras id bibendum nisl. Praesent ac congue nunc. Donec a urna at odio ultricies ultricies. Vivamus placerat lacus vitae nibh tincidunt efficitur. Duis lobortis diam at finibus malesuada. Nulla blandit aliquam dictum. ','','2017-08-21 16:25:43','publie',13,NULL,'oui','0000-00-00 00:00:00',0,0,0,'non','2017-08-22 11:51:41','fr','non',0,'','',''),(4,'','Le Golfe du Morbihan','',3,'Vestibulum auctor erat \r\n\r\nSit amet elementum sodales. Integer ullamcorper fermentum urna, eu faucibus sem molestie ac. Phasellus congue turpis leo, malesuada maximus nisl blandit quis. Nam eget erat et libero imperdiet jeol condimentum eget ac nisl. Maecenas finibus tellus nibh, non sagittis ante sodales sed. Integer gravida tristique semper. Proin pellentesque turpis eu nulla malesuada efficitur. Nunc placerat imperdiet libero. Duis malesuada eget dui porta tempus. Duis sed diam eget leo (...)','','{{{Vestibulum auctor erat}}}\n\nSit amet elementum sodales. Integer ullamcorper fermentum urna, eu faucibus sem molestie ac. Phasellus congue turpis leo, malesuada maximus nisl blandit quis. Nam eget erat et libero imperdiet condimentum eget ac nisl. Maecenas finibus tellus nibh, non sagittis ante sodales sed. Integer gravida tristique semper. Proin pellentesque turpis eu nulla malesuada efficitur. Nunc placerat imperdiet libero. Duis malesuada eget dui porta tempus. Duis sed diam eget leo tincidunt sagittis eget et erat. Pellentesque ornare turpis elit, ac luctus lacus vestibulum ac. Vivamus rhoncus malesuada justo. Quisque sit amet euismod tellus. Lorem ipsum dolor sit amet, consectetur adipiscing elit. Integer aliquet lacus in urna bibendum semper.\n\n\n{{{Nam ultricies turpis odio.}}}\n\nAt ultrices sem sollicitudin id. Integer tincidunt, eros id tempor finibus, orci velit vehicula mi, at consectetur massa risus sit amet nisl. Sed eleifend lorem eu scelerisque vestibulum. Morbi imperdiet leo a risus dignissim porttitor a quis enim. Donec augue nisl, euismod id lobortis ac, consequat pulvinar nulla. Donec semper tempus orci, sagittis vulputate turpis bibendum at. Praesent augue odio, iaculis non pretium ut, sodales eu magna. Sed lacus tortor, feugiat a porttitor vitae, dignissim eget massa. Mauris ultricies faucibus orci, id sodales eros facilisis id. Fusce lobortis dui in auctor bibendum. Sed ut diam dapibus, tristique velit sed, consequat nisl. ','','2017-07-24 14:54:40','publie',13,NULL,'oui','0000-00-00 00:00:00',0,0,0,'non','2017-07-28 14:53:53','fr','non',0,'','',''),(5,'','L\'Ile de Noirmoutier','',7,'','','{{Vestibulum auctor erat sit.}}\n amet elementum sodales. Integer ullamcorper fermentum urna, eu faucibus sem molestie ac. Phasellus congue turpis leo, malesuada maximus nisl blandit quis. Nam eget erat et libero imperdiet condimentum eget ac nisl. Maecenas finibus tellus nibh, non sagittis ante sodales sed. Integer gravida tristique semper. Proin pellentesque turpis eu nulla malesuada efficitur. Nunc placerat imperdiet libero. Duis malesuada eget dui porta tempus. Duis sed diam eget leo tincidunt sagittis eget et erat. Pellentesque ornare turpis elit, ac luctus lacus vestibulum ac. Vivamus rhoncus malesuada justo.','','2017-07-05 15:21:00','publie',13,NULL,'oui','2017-06-14 10:00:00',0,0,0,'pos','2017-07-24 17:23:11','fr','non',0,'','',''),(6,'','Noirmoutier','',7,'','','{{{Donec congue viverra justo.}}}\n\nAt mattis. Nullam vitae euismod elit, feugiat volutpat ante. Nullam arcu felis, viverra blandit ex ut, bibendum aliquet erat. Duis vestibulum odio cursus dui scelerisque scelerisque. Quisque vestibulum.\n<img4|center>\nEx et vestibulum euismod, ipsum elit elementum elit, quis varius arcu urna et felis. Vestibulum in sagittis orci. Ut suscipit pharetra eros, ut viverra nulla vestibulum non. Nunc viverra, dui at rutrum varius, augue dolor vehicula mauris, quis venenatis massa mauris a orci. ','','2017-07-24 16:37:04','publie',13,NULL,'oui','0000-00-00 00:00:00',0,0,0,'non','2017-08-21 10:04:22','fr','non',0,'','',''),(7,'','Randonnée à La Roquebrussanne','',6,'','','{{{{{D\'où vient-il?}}}}}\n\nContrairement à une opinion répandue, le Lorem Ipsum n\'est pas simplement du texte aléatoire. Il trouve ses racines dans une oeuvre de la littérature latine classique datant de 45 av. J.-C., le rendant vieux de 2000 ans. Un professeur du Hampden-Sydney College, en Virginie, s\'est intéressé à un des mots latins les plus obscurs, consectetur, extrait d\'un passage du Lorem Ipsum, et en étudiant tous les usages de ce mot dans la littérature classique, découvrit la source incontestable du Lorem Ipsum. Il provient en fait des sections 1.10.32 et 1.10.33 du \"De Finibus Bonorum et Malorum\" (Des Suprêmes Biens et des Suprêmes Maux) de Cicéron. Cet ouvrage, très populaire pendant la Renaissance, est un traité sur la théorie de l\'éthique. Les premières lignes du Lorem Ipsum, \"Lorem ipsum dolor sit amet...\", proviennent de la section 1.10.32.','','2017-08-23 15:40:09','publie',13,NULL,'oui','0000-00-00 00:00:00',0,0,0,'non','2017-07-28 13:19:16','fr','non',0,'','',''),(8,'','Sortie à Pornic','',3,'','','Plusieurs variations de Lorem Ipsum peuvent être trouvées ici ou là, mais la majeure partie d\'entre elles a été altérée par l\'addition d\'humour ou de mots aléatoires qui ne ressemblent pas une seconde à du texte standard. Si vous voulez utiliser un passage du Lorem Ipsum, vous devez être sûr qu\'il n\'y a rien d\'embarrassant caché dans le texte. Tous les générateurs de Lorem Ipsum sur Internet tendent à reproduire le même extrait sans fin, ce qui fait de lipsum.com le seul vrai générateur de Lorem Ipsum. Iil utilise un dictionnaire de plus de 200 mots latins, en combinaison de.','','2017-07-28 13:26:39','prop',13,NULL,'oui','0000-00-00 00:00:00',0,0,0,'non','2017-07-28 13:22:44','fr','non',0,'','',''),(9,'','Orange fibre avec video','',9,'','','Pourquoi l\'utiliser?\n\nOn sait depuis longtemps que travailler avec du texte lisible et contenant du sens est source de distractions, et empêche de se concentrer sur la mise en page elle-même. L\'avantage du Lorem Ipsum sur un texte générique comme \'Du texte. Du texte. Du texte.\' est qu\'il possède une distribution de lettres plus ou moins normale, et en tout cas comparable avec celle du français standard. \n\n\nhttps://www.youtube.com/watch?v=U-hsrP4C-RQ\n\nDe nombreuses suites logicielles de mise en page ou éditeurs de sites Web ont fait du Lorem Ipsum leur faux texte par défaut, et une recherche pour \'Lorem Ipsum\' vous conduira vers de nombreux sites qui n\'en sont encore qu\'à leur phase de construction. Plusieurs versions sont apparues avec le temps, parfois par accident, souvent intentionnellement (histoire d\'y rajouter de petits clins d\'oeil, voire des phrases embarassantes).\n','','2017-07-28 15:44:58','publie',8,NULL,'oui','0000-00-00 00:00:00',0,0,0,'non','2017-07-28 15:42:25','fr','non',0,'','',''),(10,'','Contactez-nous','',10,'','','Le Lorem Ipsum est simplement du faux texte employé dans la composition et la mise en page avant impression. Le Lorem Ipsum est le faux texte standard de l\'imprimerie depuis les années 1500, quand un peintre anonyme assembla ensemble des morceaux de texte pour réaliser un livre spécimen de polices de texte. \n\nPour nous contacter, veuillez remplir ce formulaire :\n\n<formulaire|contact_libre|email=jerome.laurent@orange.com>\n\nIl n\'a pas fait que survivre cinq siècles, mais s\'est aussi adapté à la bureautique informatique, sans que son contenu n\'en soit modifié. Il a été popularisé dans les années 1960 grâce à la vente de feuilles Letraset contenant des passages du Lorem Ipsum, et, plus récemment, par son inclusion dans des applications de mise en page de texte, comme Aldus PageMaker.','','2017-07-28 16:27:00','publie',10,NULL,'oui','0000-00-00 00:00:00',0,0,0,'non','2017-07-28 16:37:21','fr','non',0,'','',''),(11,'','toto','',8,'','','Qu\'est-ce que le Lorem Ipsum?\n\nLe Lorem Ipsum est simplement du faux texte employé dans la composition et la mise en page avant impression. Le Lorem Ipsum est le faux texte standard de l\'imprimerie depuis les années 1500, quand un peintre anonyme assembla ensemble des morceaux de texte pour réaliser un livre spécimen de polices de texte. Il n\'a pas fait que survivre cinq siècles, mais s\'est aussi adapté à la bureautique informatique, sans que son contenu n\'en soit modifié. Il a été popularisé dans les années 1960 grâce à la vente de feuilles Letraset contenant des passages du Lorem Ipsum, et, plus récemment, par son inclusion dans des applications de mise en page de texte, comme Aldus PageMaker.\n','','2017-08-21 11:27:15','publie',8,NULL,'oui','0000-00-00 00:00:00',0,0,0,'non','2017-08-22 14:16:31','fr','non',0,'','',''),(14,'','Conférences','',11,'','','Le Lorem Ipsum est simplement du faux texte employé dans la composition et la mise en page avant impression. Le Lorem Ipsum est le faux texte standard de l\'imprimerie depuis les années 1500, quand un peintre anonyme assembla ensemble des morceaux de texte pour réaliser un livre spécimen de polices de texte. Il n\'a pas fait que survivre cinq siècles, mais s\'est aussi adapté à la bureautique informatique, sans que son contenu n\'en soit modifié. Il a été popularisé dans les années 1960 grâce à la vente de feuilles Letraset contenant des passages du Lorem Ipsum, et, plus récemment, par son inclusion dans des applications de mise en page de texte, comme Aldus PageMaker.','','2017-08-22 17:36:54','publie',11,NULL,'oui','0000-00-00 00:00:00',0,0,0,'pos','2017-08-22 17:35:23','fr','non',0,'','',''),(13,'','Equipe','',11,'','','D\'où vient-il?\r\n\r\nContrairement à une opinion répandue, le Lorem Ipsum n\'est pas simplement du texte aléatoire. Il trouve ses racines dans une oeuvre de la littérature latine classique datant de 45 av. J.-C., le rendant vieux de 2000 ans. Un professeur du Hampden-Sydney College, en Virginie, s\'est intéressé à un des mots latins les plus obscurs, consectetur, extrait d\'un passage du Lorem Ipsum, et en étudiant tous les usages de ce mot dans la littérature classique, découvrit la source incontestable du Lorem Ipsum. Il provient en fait des sections 1.10.32 et 1.10.33 du \"De Finibus Bonorum et Malorum\" (Des Suprêmes Biens et des Suprêmes Maux) de Cicéron. Cet ouvrage, très populaire pendant la Renaissance, est un traité sur la théorie de l\'éthique. Les premières lignes du Lorem Ipsum, \"Lorem ipsum dolor sit amet...\", proviennent de la section 1.10.32.','','2017-08-22 17:38:31','publie',11,NULL,'oui','0000-00-00 00:00:00',0,0,0,'pos','2017-08-22 17:38:24','fr','non',0,'','',''),(12,'','Projets','',11,'','','Où puis-je m\'en procurer?\r\n\r\nPlusieurs variations de Lorem Ipsum peuvent être trouvées ici ou là, mais la majeure partie d\'entre elles a été altérée par l\'addition d\'humour ou de mots aléatoires qui ne ressemblent pas une seconde à du texte standard. Si vous voulez utiliser un passage du Lorem Ipsum, vous devez être sûr qu\'il n\'y a rien d\'embarrassant caché dans le texte. Tous les générateurs de Lorem Ipsum sur Internet tendent à reproduire le même extrait sans fin, ce qui fait de lipsum.com le seul vrai générateur de Lorem Ipsum. Iil utilise un dictionnaire de plus de 200 mots latins, en combinaison de plusieurs structures de phrases, pour générer un Lorem Ipsum irréprochable. Le Lorem Ipsum ainsi obtenu ne contient aucune répétition, ni ne contient des mots farfelus, ou des touches d\'humour.','','2017-08-22 17:39:19','publie',11,NULL,'oui','0000-00-00 00:00:00',0,0,0,'pos','2017-08-22 17:39:11','fr','non',0,'','',''),(16,'','L\'hébergement','',12,'','Les lieux d\'hébergement. De nombreuses suites logicielles de mise en page ou éditeurs de sites Web ont fait du Lorem Ipsum leur faux texte par défaut.','rendant vieux de 2000 ans. Un professeur du Hampden-Sydney College, en Virginie, s\'est intéressé à un des mots latins les plus obscurs, consectetur, extrait d\'un passage du Lorem Ipsum, et en','','2017-08-22 17:50:04','publie',12,NULL,'oui','0000-00-00 00:00:00',0,0,0,'pos','2017-08-22 18:24:04','fr','non',0,'','',''),(17,'','Les transports','',12,'','Les moyens de transport utilisés. Si vous voulez utiliser un passage du Lorem Ipsum, vous devez être sûr qu\'il n\'y a rien d\'embarrassant caché dans le texte.','rendant vieux de 2000 ans. Un professeur du Hampden-Sydney College, en Virginie, s\'est intéressé à un des mots latins les plus obscurs, consectetur, extrait d\'un passage du Lorem Ipsum, et en\n\nrendant vieux de 2000 ans. Un professeur du Hampden-Sydney College, en Virginie, s\'est intéressé à un des mots latins les plus obscurs, consectetur, extrait d\'un passage du Lorem Ipsum, et en','','2017-08-22 17:50:53','publie',12,NULL,'oui','0000-00-00 00:00:00',0,0,0,'pos','2017-08-22 18:23:25','fr','non',0,'','',''),(18,'','Mes destinations','',12,'','Comment je choisis mes destinations. Le Lorem Ipsum n\'est pas simplement du texte aléatoire. Il trouve ses racines dans une oeuvre de la littérature latine classique.','rendant vieux de 2000 ans. Un professeur du Hampden-Sydney College, en Virginie, s\'est intéressé à un des mots latins les plus obscurs, consectetur, extrait d\'un passage du Lorem Ipsum, et en\n\nrendant vieux de 2000 ans. Un professeur du Hampden-Sydney College, en Virginie, s\'est intéressé à un des mots latins les plus obscurs, consectetur, extrait d\'un passage du Lorem Ipsum, et en\n\nrendant vieux de 2000 ans. Un professeur du Hampden-Sydney College, en Virginie, s\'est intéressé à un des mots latins les plus obscurs, consectetur, extrait d\'un passage du Lorem Ipsum, et en','','2017-08-22 17:51:31','publie',12,NULL,'oui','0000-00-00 00:00:00',0,0,0,'pos','2017-08-22 18:22:28','fr','non',0,'','',''),(19,'','Mes voyages','',12,'','Ma conception des voyages. Plusieurs variations de Lorem Ipsum peuvent être trouvées ici ou là, mais la majeure partie d\'entre elles a été altérée.','Ma conception des voyages. Plusieurs variations de Lorem Ipsum peuvent être trouvées ici ou là, mais la majeure partie d\'entre elles a été altérée.\n\nRendant vieux de 2000 ans. Un professeur du Hampden-Sydney College, en Virginie, s\'est intéressé à un des mots latins les plus obscurs, consectetur, extrait d\'un passage du Lorem Ipsum, et en\n\n','','2017-08-22 17:52:02','publie',12,NULL,'oui','0000-00-00 00:00:00',0,0,0,'pos','2017-08-28 16:10:24','fr','non',0,'','',''),(20,'','Miami','',14,'','Il n\'a pas fait que survivre cinq siècles, mais s\'est aussi adapté à la bureautique informatique, sans que son contenu n\'en soit modifié','\r\nQu\'est-ce que le Lorem Ipsum?\r\n\r\nLe Lorem Ipsum est simplement du faux texte employé dans la composition et la mise en page avant impression. Le Lorem Ipsum est le faux texte standard de l\'imprimerie depuis les années 1500, quand un peintre anonyme assembla ensemble des morceaux de texte pour réaliser un livre spécimen de polices de texte. Il n\'a pas fait que survivre cinq siècles, mais s\'est aussi adapté à la bureautique informatique, sans que son contenu n\'en soit modifié. Il a été popularisé dans les années 1960 grâce à la vente de feuilles Letraset contenant des passages du Lorem Ipsum, et, plus récemment, par son inclusion dans des applications de mise en page de texte, comme Aldus PageMaker.\r\n','','2017-08-23 13:02:49','publie',14,NULL,'oui','0000-00-00 00:00:00',0,0,0,'pos','2017-08-23 13:02:37','fr','non',0,'','',''),(21,'','New York','',14,'','Du texte. Du texte.\' est qu\'il possède une distribution de lettres plus ou moins normale, et en tout cas comparable avec celle du français standard.','\r\nPourquoi l\'utiliser?\r\n\r\nOn sait depuis longtemps que travailler avec du texte lisible et contenant du sens est source de distractions, et empêche de se concentrer sur la mise en page elle-même. L\'avantage du Lorem Ipsum sur un texte générique comme \'Du texte. Du texte. Du texte.\' est qu\'il possède une distribution de lettres plus ou moins normale, et en tout cas comparable avec celle du français standard. De nombreuses suites logicielles de mise en page ou éditeurs de sites Web ont fait du Lorem Ipsum leur faux texte par défaut, et une recherche pour \'Lorem Ipsum\' vous conduira vers de nombreux sites qui n\'en sont encore qu\'à leur phase de construction. Plusieurs versions sont apparues avec le temps, parfois par accident, souvent intentionnellement (histoire d\'y rajouter de petits clins d\'oeil, voire des phrases embarassantes).\r\n','','2017-08-23 13:03:55','publie',14,NULL,'oui','0000-00-00 00:00:00',0,0,0,'pos','2017-08-23 13:03:44','fr','non',0,'','','');

/*Table structure for table `spip_auteurs` */

CREATE TABLE `spip_auteurs` (
  `id_auteur` bigint(21) NOT NULL AUTO_INCREMENT,
  `nom` text NOT NULL,
  `bio` text NOT NULL,
  `email` tinytext NOT NULL,
  `nom_site` tinytext NOT NULL,
  `url_site` text NOT NULL,
  `login` varchar(255) CHARACTER SET utf8 COLLATE utf8_bin DEFAULT NULL,
  `pass` tinytext NOT NULL,
  `low_sec` tinytext NOT NULL,
  `statut` varchar(255) NOT NULL DEFAULT '0',
  `webmestre` varchar(3) NOT NULL DEFAULT 'non',
  `maj` timestamp NULL DEFAULT NULL,
  `pgp` text NOT NULL,
  `htpass` tinytext NOT NULL,
  `en_ligne` datetime NOT NULL DEFAULT '0000-00-00 00:00:00',
  `alea_actuel` tinytext,
  `alea_futur` tinytext,
  `prefs` tinytext,
  `cookie_oubli` tinytext,
  `source` varchar(10) NOT NULL DEFAULT 'spip',
  `lang` varchar(10) NOT NULL DEFAULT '',
  `imessage` varchar(3) DEFAULT NULL,
  `messagerie` varchar(3) DEFAULT NULL,
  PRIMARY KEY (`id_auteur`),
  KEY `login` (`login`),
  KEY `statut` (`statut`),
  KEY `en_ligne` (`en_ligne`)
) ENGINE=MyISAM AUTO_INCREMENT=8 DEFAULT CHARSET=utf8;

/*Data for the table `spip_auteurs` */

insert  into `spip_auteurs`(`id_auteur`,`nom`,`bio`,`email`,`nom_site`,`url_site`,`login`,`pass`,`low_sec`,`statut`,`webmestre`,`maj`,`pgp`,`htpass`,`en_ligne`,`alea_actuel`,`alea_futur`,`prefs`,`cookie_oubli`,`source`,`lang`,`imessage`,`messagerie`) values (1,'Jérome LAURENT','Concepteur et webmestre de ce site ','jerome.laurent@orange.com','Mes voyages','http://spip316.localhost/?page=sommaire2','jeol6721','e17e063e8e072682bd8ce220f6bd4520de802989bd4b4d93139f826b1ad8f6e6','hQvpRDrq','0minirezo','oui',NULL,'','$1$oyxpqrLa$7ddAHX8LZ.wFA17XQhPPe/','2018-01-11 13:51:18','10841045875a575d8203f949.19206746','19524958475a575d83028874.80329693','a:6:{s:7:\"couleur\";s:1:\"9\";s:7:\"display\";s:1:\"2\";s:18:\"display_navigation\";s:22:\"navigation_avec_icones\";s:14:\"display_outils\";s:3:\"oui\";s:3:\"cnx\";s:0:\"\";s:15:\"activer_menudev\";s:3:\"oui\";}',NULL,'spip','','oui',NULL),(2,'Jerome adm Ouest de la France','Redacteur pour la rubrique Ouest de la France','adm.jerome.laurent@orange.com','','','jeoladmr','856635447bca24312a5c38585425460717422c3af9b53010fedf15ac97cfef7a','8sfLVe3n','0minirezo','non',NULL,'','$1$9WCCiHap$0A49Hte7NJnBsc43yDIf00','0000-00-00 00:00:00','2010001145597b1fbbba8231.34172959','764562428597b1fbbba8238.65407479','a:5:{s:7:\"couleur\";i:9;s:7:\"display\";i:2;s:18:\"display_navigation\";s:22:\"navigation_avec_icones\";s:14:\"display_outils\";s:3:\"oui\";s:3:\"cnx\";s:5:\"perma\";}',NULL,'spip','',NULL,NULL),(3,'Jerome Auteur 1','Rédacteur sur les sites web liés à la marche et à la randonnée en France','redac1.jerome.laurent@orange.com','','','jeolredac1','df2be3e2cc4289def692f704b13c1c802d016bb0fa91ea3a4112c2879198e08c','WxBLXeDT','1comite','non',NULL,'','$1$AdhjLhEG$cNMBUT7Fn3o4IPfJ3nRT6/','0000-00-00 00:00:00','1828865577597b23b8dc71b7.09040393','2025405452597b3d2ce64d86.65987519','a:5:{s:7:\"couleur\";i:9;s:7:\"display\";i:2;s:18:\"display_navigation\";s:22:\"navigation_avec_icones\";s:14:\"display_outils\";s:3:\"oui\";s:3:\"cnx\";s:5:\"perma\";}',NULL,'spip','',NULL,NULL),(4,'Jerome Visiteur 1','Visiteur 1','visit1.jerome.laurent@orange.com','','','jeolvisit1','8f87df3e9cf09e87b1bf3f2b0309bfc5975a2c2c3cb6a3af0d563bef62f4340e','','6forum','non',NULL,'','$1$gKU7gYYT$r7eFZ1QZ9/EuwheALucQB.','0000-00-00 00:00:00','999508242597b08b8b8cdd3.78990076','516058741597b08b8b8cdd9.85621502',NULL,NULL,'spip','',NULL,NULL),(5,'Jerome Visiteur 2','Visiteur 2','visit2.jerome.laurent@orange.com','','','jeolvisit2','318f916c4bffcd9bb9d38b9054384800c298a394fa3054e0500de98ad51597d9','','6forum','non',NULL,'','$1$iU3hxeAS$xJZYz4lYXQmrJtXph0Et5/','0000-00-00 00:00:00','535847389597b0951cdccd3.73007984','765493133597b0951ce0b58.89783496',NULL,NULL,'spip','',NULL,NULL),(6,'Jerome Auteur 2','dqfdsfqdfjkjlf','auteur2.jerome.laurent@orange.com','','','jeolredac2','80d760b9b31a99ba1814d845c52c35017089d30a9bf0e59292122b03a2a74d99','uSzCcREb','1comite','non',NULL,'','$1$cLFZRcCy$U1p/VWFF1KUmPlgt1EEjK/','0000-00-00 00:00:00','1839699809597b25e8955814.04606184','2105466778597b26ca30ad33.76215438','a:5:{s:7:\"couleur\";i:9;s:7:\"display\";i:2;s:18:\"display_navigation\";s:22:\"navigation_avec_icones\";s:14:\"display_outils\";s:3:\"oui\";s:3:\"cnx\";s:5:\"perma\";}',NULL,'spip','',NULL,NULL),(7,'video auteur 1','','video1.jerome.laurent@orange.com','','','jeolvideo1','572c4e0c57ad63581b08e02c933dd1bdf73dca7223aa7cd0ab9d70ee847881fd','j2ftpaop','1comite','non',NULL,'','$1$uP2CjrHn$WKnsPWLQTWwEEAT8rpXnX1','2017-07-28 15:43:33','1232631269597b3df7d44aa0.32345937','1892113319597b3e9cb1f394.22046194','a:5:{s:7:\"couleur\";i:9;s:7:\"display\";i:2;s:18:\"display_navigation\";s:22:\"navigation_avec_icones\";s:14:\"display_outils\";s:3:\"oui\";s:3:\"cnx\";s:0:\"\";}',NULL,'spip','',NULL,NULL);

/*Table structure for table `spip_auteurs_liens` */

CREATE TABLE `spip_auteurs_liens` (
  `id_auteur` bigint(21) NOT NULL DEFAULT '0',
  `id_objet` bigint(21) NOT NULL DEFAULT '0',
  `objet` varchar(25) NOT NULL DEFAULT '',
  `vu` varchar(6) NOT NULL DEFAULT 'non',
  PRIMARY KEY (`id_auteur`,`id_objet`,`objet`),
  KEY `id_auteur` (`id_auteur`),
  KEY `id_objet` (`id_objet`),
  KEY `objet` (`objet`)
) ENGINE=MyISAM DEFAULT CHARSET=utf8;

/*Data for the table `spip_auteurs_liens` */

insert  into `spip_auteurs_liens`(`id_auteur`,`id_objet`,`objet`,`vu`) values (1,1,'article','non'),(1,2,'article','non'),(1,3,'article','non'),(1,4,'article','non'),(1,5,'article','non'),(1,6,'article','non'),(2,1,'rubrique','non'),(3,7,'article','non'),(3,8,'article','non'),(6,1,'message','oui'),(6,3,'message','oui'),(7,9,'article','non'),(1,10,'article','non'),(1,11,'article','non'),(1,3,'message','oui'),(1,4,'message','oui'),(1,12,'article','non'),(1,13,'article','non'),(1,14,'article','non'),(1,16,'article','non'),(1,17,'article','non'),(1,18,'article','non'),(1,19,'article','non'),(1,20,'article','non'),(1,21,'article','non');

/*Table structure for table `spip_breves` */

CREATE TABLE `spip_breves` (
  `id_breve` bigint(21) NOT NULL AUTO_INCREMENT,
  `date_heure` datetime NOT NULL DEFAULT '0000-00-00 00:00:00',
  `titre` text NOT NULL,
  `texte` longtext NOT NULL,
  `lien_titre` text NOT NULL,
  `lien_url` text NOT NULL,
  `statut` varchar(6) NOT NULL DEFAULT '0',
  `id_rubrique` bigint(21) NOT NULL DEFAULT '0',
  `lang` varchar(10) NOT NULL DEFAULT '',
  `langue_choisie` varchar(3) DEFAULT 'non',
  `maj` timestamp NULL DEFAULT NULL,
  PRIMARY KEY (`id_breve`),
  KEY `id_rubrique` (`id_rubrique`)
) ENGINE=MyISAM AUTO_INCREMENT=3 DEFAULT CHARSET=utf8;

/*Data for the table `spip_breves` */

insert  into `spip_breves`(`id_breve`,`date_heure`,`titre`,`texte`,`lien_titre`,`lien_url`,`statut`,`id_rubrique`,`lang`,`langue_choisie`,`maj`) values (1,'2017-07-24 15:43:20','Sortie samedi 11 mars à Sautron','Nam ultricies turpis odio, at ultrices sem sollicitudin id. Integer tincidunt, eros id tempor finibus, orci velit vehicula mi, at consectetur massa risus sit amet nisl. Sed eleifend lorem eu scelerisque vestibulum. Morbi imperdiet leo a risus dignissim porttitor a quis enim. Donec augue nisl, euismod id lobortis ac, consequat pulvinar nulla. Donec semper tempus orci, sagittis vulputate turpis bibendum at. Praesent augue odio, iaculis non pretium ut, sodales eu magna. Sed lacus tortor, feugiat a porttitor vitae, dignissim eget massa. Mauris ultricies faucibus orci, id sodales eros facilisis id. Fusce lobortis dui in auctor bibendum. Sed ut diam dapibus, tristique velit sed, consequat nisl. ','La Vallée du Cens','http://www.nantesmetropole.fr/decouverte/les-promenades/','publie',13,'fr','non',NULL),(2,'2017-07-28 13:24:08','Découvrez la marche nordique à Rennes','L\'extrait standard de Lorem Ipsum utilisé depuis le XVIè siècle est reproduit ci-dessous pour les curieux. Les sections 1.10.32 et 1.10.33 du \"De Finibus Bonorum et Malorum\" de Cicéron sont aussi reproduites dans leur version originale, accompagnée de la traduction anglaise de H. Rackham (1914).','','','prop',13,'fr','non',NULL);

/*Table structure for table `spip_depots` */

CREATE TABLE `spip_depots` (
  `id_depot` bigint(21) NOT NULL AUTO_INCREMENT,
  `titre` text NOT NULL,
  `descriptif` text NOT NULL,
  `type` varchar(10) NOT NULL DEFAULT '',
  `url_serveur` varchar(255) NOT NULL DEFAULT '',
  `url_brouteur` varchar(255) NOT NULL DEFAULT '',
  `url_archives` varchar(255) NOT NULL DEFAULT '',
  `url_commits` varchar(255) NOT NULL DEFAULT '',
  `xml_paquets` varchar(255) NOT NULL DEFAULT '',
  `sha_paquets` varchar(40) NOT NULL DEFAULT '',
  `nbr_paquets` int(11) NOT NULL DEFAULT '0',
  `nbr_plugins` int(11) NOT NULL DEFAULT '0',
  `nbr_autres` int(11) NOT NULL DEFAULT '0',
  `maj` timestamp NULL DEFAULT NULL,
  PRIMARY KEY (`id_depot`)
) ENGINE=MyISAM DEFAULT CHARSET=utf8;

/*Data for the table `spip_depots` */

/*Table structure for table `spip_depots_plugins` */

CREATE TABLE `spip_depots_plugins` (
  `id_depot` bigint(21) NOT NULL,
  `id_plugin` bigint(21) NOT NULL,
  PRIMARY KEY (`id_depot`,`id_plugin`)
) ENGINE=MyISAM DEFAULT CHARSET=utf8;

/*Data for the table `spip_depots_plugins` */

/*Table structure for table `spip_documents` */

CREATE TABLE `spip_documents` (
  `id_document` bigint(21) NOT NULL AUTO_INCREMENT,
  `id_vignette` bigint(21) NOT NULL DEFAULT '0',
  `extension` varchar(10) NOT NULL DEFAULT '',
  `titre` text NOT NULL,
  `date` datetime NOT NULL DEFAULT '0000-00-00 00:00:00',
  `descriptif` text NOT NULL,
  `fichier` text NOT NULL,
  `taille` bigint(20) DEFAULT NULL,
  `largeur` int(11) DEFAULT NULL,
  `hauteur` int(11) DEFAULT NULL,
  `media` varchar(10) NOT NULL DEFAULT 'file',
  `mode` varchar(10) NOT NULL DEFAULT 'document',
  `distant` varchar(3) DEFAULT 'non',
  `statut` varchar(10) NOT NULL DEFAULT '0',
  `credits` text NOT NULL,
  `date_publication` datetime NOT NULL DEFAULT '0000-00-00 00:00:00',
  `brise` tinyint(4) DEFAULT '0',
  `maj` timestamp NULL DEFAULT NULL,
  `oembed` text NOT NULL,
  PRIMARY KEY (`id_document`),
  KEY `id_vignette` (`id_vignette`),
  KEY `mode` (`mode`),
  KEY `extension` (`extension`)
) ENGINE=MyISAM AUTO_INCREMENT=5 DEFAULT CHARSET=utf8;

/*Data for the table `spip_documents` */

insert  into `spip_documents`(`id_document`,`id_vignette`,`extension`,`titre`,`date`,`descriptif`,`fichier`,`taille`,`largeur`,`hauteur`,`media`,`mode`,`distant`,`statut`,`credits`,`date_publication`,`brise`,`maj`,`oembed`) values (3,0,'png','','2017-07-24 16:38:49','','png/noirmoutier-01.png',1479752,1024,768,'image','image','non','prepa','','2038-01-01 00:00:00',0,NULL,''),(4,0,'png','','2017-08-21 10:04:03','','png/noirmoutier-01-2.png',1479752,1024,768,'image','image','non','publie','','1970-01-01 01:00:00',0,NULL,'');

/*Table structure for table `spip_documents_liens` */

CREATE TABLE `spip_documents_liens` (
  `id_document` bigint(21) NOT NULL DEFAULT '0',
  `id_objet` bigint(21) NOT NULL DEFAULT '0',
  `objet` varchar(25) NOT NULL DEFAULT '',
  `vu` enum('non','oui') NOT NULL DEFAULT 'non',
  PRIMARY KEY (`id_document`,`id_objet`,`objet`),
  KEY `id_document` (`id_document`),
  KEY `id_objet` (`id_objet`),
  KEY `objet` (`objet`)
) ENGINE=MyISAM DEFAULT CHARSET=utf8;

/*Data for the table `spip_documents_liens` */

insert  into `spip_documents_liens`(`id_document`,`id_objet`,`objet`,`vu`) values (4,6,'article','oui');

/*Table structure for table `spip_forum` */

CREATE TABLE `spip_forum` (
  `id_forum` bigint(21) NOT NULL AUTO_INCREMENT,
  `id_objet` bigint(21) NOT NULL DEFAULT '0',
  `objet` varchar(25) NOT NULL DEFAULT '',
  `id_parent` bigint(21) NOT NULL DEFAULT '0',
  `id_thread` bigint(21) NOT NULL DEFAULT '0',
  `date_heure` datetime NOT NULL DEFAULT '0000-00-00 00:00:00',
  `date_thread` datetime NOT NULL DEFAULT '0000-00-00 00:00:00',
  `titre` text NOT NULL,
  `texte` mediumtext NOT NULL,
  `auteur` text NOT NULL,
  `email_auteur` text NOT NULL,
  `nom_site` text NOT NULL,
  `url_site` text NOT NULL,
  `statut` varchar(8) NOT NULL DEFAULT '0',
  `ip` varchar(40) NOT NULL DEFAULT '',
  `maj` timestamp NULL DEFAULT NULL,
  `id_auteur` bigint(20) NOT NULL DEFAULT '0',
  PRIMARY KEY (`id_forum`),
  KEY `id_auteur` (`id_auteur`),
  KEY `id_parent` (`id_parent`),
  KEY `id_thread` (`id_thread`),
  KEY `optimal` (`statut`,`id_parent`,`id_objet`,`objet`,`date_heure`)
) ENGINE=MyISAM AUTO_INCREMENT=7 DEFAULT CHARSET=utf8;

/*Data for the table `spip_forum` */

insert  into `spip_forum`(`id_forum`,`id_objet`,`objet`,`id_parent`,`id_thread`,`date_heure`,`date_thread`,`titre`,`texte`,`auteur`,`email_auteur`,`nom_site`,`url_site`,`statut`,`ip`,`maj`,`id_auteur`) values (1,5,'article',0,1,'2017-07-24 17:48:17','2017-07-24 17:58:30','L\'Ile de Noirmoutier','fsfsfsfsdf','jeol','jerome.laurent@orange.com','','','publie','f528764d624db129b32c21fbca0cb8d6',NULL,0),(2,5,'article',1,1,'2017-07-24 17:48:56','2017-07-24 17:58:30','L\'Ile de Noirmoutier','gdgdgdggdd','Jérome LAURENT','jerome.laurent@orange.com','','','publie','f528764d624db129b32c21fbca0cb8d6',NULL,1),(3,0,'',0,3,'2017-07-28 13:43:19','0000-00-00 00:00:00','Arrivée d\'un nouveau rédacteur','Plusieurs variations de Lorem Ipsum peuvent être trouvées ici ou là, mais la majeure partie d\'entre elles a été altérée par l\'addition d\'humour ou de mots aléatoires qui ne ressemblent pas une seconde à du texte standard. Si vous voulez utiliser un passage du Lorem Ipsum.','Jérome LAURENT','jerome.laurent@orange.com','','','privrac','f528764d624db129b32c21fbca0cb8d6',NULL,1),(4,0,'',3,3,'2017-07-28 13:44:02','0000-00-00 00:00:00','reponse 1','rien à voir','Jérome LAURENT','jerome.laurent@orange.com','','','privrac','f528764d624db129b32c21fbca0cb8d6',NULL,1),(5,0,'',0,5,'2017-07-28 13:45:54','0000-00-00 00:00:00','Mon message aux redacteurs','fsqfdf dsfsfs','Jerome Auteur 1','redac1.jerome.laurent@orange.com','','','privrac','f528764d624db129b32c21fbca0cb8d6',NULL,3),(6,4,'article',0,6,'2017-07-28 13:50:41','0000-00-00 00:00:00','Le Golfe du Morbihan','Revoir la deuxième phrase du premier paragraphe.\r\nAvons-nous une photo d\'illustration ?','Jerome Auteur 1','redac1.jerome.laurent@orange.com','','','prive','f528764d624db129b32c21fbca0cb8d6',NULL,3);

/*Table structure for table `spip_groupes_mots` */

CREATE TABLE `spip_groupes_mots` (
  `id_groupe` bigint(21) NOT NULL AUTO_INCREMENT,
  `titre` text NOT NULL,
  `descriptif` text NOT NULL,
  `texte` longtext NOT NULL,
  `unseul` varchar(3) NOT NULL DEFAULT '',
  `obligatoire` varchar(3) NOT NULL DEFAULT '',
  `tables_liees` text NOT NULL,
  `minirezo` varchar(3) NOT NULL DEFAULT '',
  `comite` varchar(3) NOT NULL DEFAULT '',
  `forum` varchar(3) NOT NULL DEFAULT '',
  `maj` timestamp NULL DEFAULT NULL,
  PRIMARY KEY (`id_groupe`)
) ENGINE=MyISAM AUTO_INCREMENT=5 DEFAULT CHARSET=utf8;

/*Data for the table `spip_groupes_mots` */

insert  into `spip_groupes_mots`(`id_groupe`,`titre`,`descriptif`,`texte`,`unseul`,`obligatoire`,`tables_liees`,`minirezo`,`comite`,`forum`,`maj`) values (1,'Nature','Environnement de la randonnée','Ce groupe permet de cibler le type d\'environnement de la randonnée.','non','non','articles','oui','oui','non',NULL),(2,'Photographie','La photographie dans la mache','Pour tous les articles parlant de la photographie','non','non','articles','oui','oui','non',NULL),(3,'Prise de vue','','','non','non','articles','oui','oui','non',NULL);

/*Table structure for table `spip_jobs` */

CREATE TABLE `spip_jobs` (
  `id_job` bigint(21) NOT NULL AUTO_INCREMENT,
  `descriptif` text NOT NULL,
  `fonction` varchar(255) NOT NULL,
  `args` longblob NOT NULL,
  `md5args` char(32) NOT NULL DEFAULT '',
  `inclure` varchar(255) NOT NULL,
  `priorite` smallint(6) NOT NULL DEFAULT '0',
  `date` datetime NOT NULL DEFAULT '0000-00-00 00:00:00',
  `status` tinyint(4) NOT NULL DEFAULT '1',
  PRIMARY KEY (`id_job`),
  KEY `date` (`date`),
  KEY `status` (`status`)
) ENGINE=MyISAM AUTO_INCREMENT=266 DEFAULT CHARSET=utf8;

/*Data for the table `spip_jobs` */

insert  into `spip_jobs`(`id_job`,`descriptif`,`fonction`,`args`,`md5args`,`inclure`,`priorite`,`date`,`status`) values (261,'Tâche CRON svp_actualiser_depots (toutes les 21600 s)','svp_actualiser_depots','a:1:{i:0;i:1515674973;}','ea36d3be49c2df03f84d48a5c0a8d421','genie/',0,'2018-01-11 19:49:33',1),(259,'Tâche CRON invalideur (toutes les 600 s)','invalideur','a:1:{i:0;i:1515674973;}','ea36d3be49c2df03f84d48a5c0a8d421','genie/',0,'2018-01-11 13:59:33',1),(262,'Tâche CRON queue_watch (toutes les 86400 s)','queue_watch','a:1:{i:0;i:1515674973;}','ea36d3be49c2df03f84d48a5c0a8d421','genie/',0,'2018-01-12 13:49:33',1),(260,'Tâche CRON maintenance (toutes les 7200 s)','maintenance','a:1:{i:0;i:1515674973;}','ea36d3be49c2df03f84d48a5c0a8d421','genie/',0,'2018-01-11 15:49:33',1),(263,'Tâche CRON optimiser_revisions (toutes les 86400 s)','optimiser_revisions','a:1:{i:0;i:1515674973;}','ea36d3be49c2df03f84d48a5c0a8d421','genie/',0,'2018-01-12 13:49:33',1),(265,'Tâche CRON mise_a_jour (toutes les 259200 s)','mise_a_jour','a:1:{i:0;i:1515674974;}','30c8885387d198108764b7b5a752a363','genie/',0,'2018-01-14 13:49:34',1),(264,'Tâche CRON optimiser (toutes les 172800 s)','optimiser','a:1:{i:0;i:1515642200;}','94a28b16b80c9fc290cab7719fe4f60c','genie/',-10,'2018-01-13 04:43:20',1);

/*Table structure for table `spip_jobs_liens` */

CREATE TABLE `spip_jobs_liens` (
  `id_job` bigint(21) NOT NULL DEFAULT '0',
  `id_objet` bigint(21) NOT NULL DEFAULT '0',
  `objet` varchar(25) NOT NULL DEFAULT '',
  PRIMARY KEY (`id_job`,`id_objet`,`objet`),
  KEY `id_job` (`id_job`)
) ENGINE=MyISAM DEFAULT CHARSET=utf8;

/*Data for the table `spip_jobs_liens` */

/*Table structure for table `spip_messages` */

CREATE TABLE `spip_messages` (
  `id_message` bigint(21) NOT NULL AUTO_INCREMENT,
  `titre` text NOT NULL,
  `texte` longtext NOT NULL,
  `type` varchar(6) NOT NULL DEFAULT '',
  `date_heure` datetime NOT NULL DEFAULT '0000-00-00 00:00:00',
  `date_fin` datetime NOT NULL DEFAULT '0000-00-00 00:00:00',
  `rv` varchar(3) NOT NULL DEFAULT '',
  `statut` varchar(6) NOT NULL DEFAULT '0',
  `id_auteur` bigint(21) NOT NULL DEFAULT '0',
  `destinataires` text NOT NULL,
  `maj` timestamp NULL DEFAULT NULL,
  PRIMARY KEY (`id_message`),
  KEY `id_auteur` (`id_auteur`)
) ENGINE=MyISAM AUTO_INCREMENT=5 DEFAULT CHARSET=utf8;

/*Data for the table `spip_messages` */

insert  into `spip_messages`(`id_message`,`titre`,`texte`,`type`,`date_heure`,`date_fin`,`rv`,`statut`,`id_auteur`,`destinataires`,`maj`) values (1,'Concertation sur l\'article Nantes à vélo','Un professeur du Hampden-Sydney College, en Virginie, s\'est intéressé à un des mots latins les plus obscurs, consectetur, extrait d\'un passage du Lorem Ipsum, et en étudiant tous les usages de ce mot dans la littérature classique, découvrit la source incontestable du Lorem Ipsum.','normal','2017-07-28 13:54:00','2017-09-14 14:54:00','oui','publie',3,'6',NULL),(2,'Rendez-vous photo à La Baule','L\'essentiel de Joomla! 3.6-Créez et gérez votre site web \navec facilité et efficacité','pb','2017-07-30 14:00:00','2017-07-30 15:00:00','oui','publie',6,'',NULL),(3,'Réunion de tous les auteurs','Tous les générateurs de Lorem Ipsum sur Internet tendent à reproduire le même extrait sans fin, ce qui fait de lipsum.com le seul vrai générateur de Lorem Ipsum. Iil utilise un dictionnaire de plus de 200 mots latins, en combinaison de plusieurs structures de phrases, pour générer un Lorem Ipsum irréprochable. Le Lorem Ipsum ainsi obtenu ne contient aucune répétition, ni ne contient des mots farfelus,','affich','2017-08-10 17:00:00','2017-08-10 18:00:00','oui','publie',1,'',NULL),(4,'Annonce générale visibles','cfsfedsfsfddss','affich','2017-08-17 12:12:00','2017-08-20 12:10:00','oui','publie',1,'',NULL);

/*Table structure for table `spip_meta` */

CREATE TABLE `spip_meta` (
  `nom` varchar(255) NOT NULL,
  `valeur` text,
  `impt` enum('non','oui') NOT NULL DEFAULT 'oui',
  `maj` timestamp NULL DEFAULT NULL,
  PRIMARY KEY (`nom`)
) ENGINE=MyISAM DEFAULT CHARSET=utf8;

/*Data for the table `spip_meta` */

insert  into `spip_meta`(`nom`,`valeur`,`impt`,`maj`) values ('charset_sql_base','utf8','non',NULL),('charset_collation_sql_base','utf8_general_ci','non',NULL),('charset_sql_connexion','utf8','non',NULL),('version_installee','21742','non',NULL),('nouvelle_install','1','non',NULL),('pcre_u','u','oui',NULL),('charset','utf-8','oui',NULL),('alea_ephemere_ancien','47766e9274a5fd6eff90b3b34d8db5f0','non',NULL),('alea_ephemere','496eb9427f214a57924dbd44ddd98d9b','non',NULL),('alea_ephemere_date','1515675000','non',NULL),('langues_proposees','ar,ast,ay,bg,br,bs,ca,co,cpf,cpf_hat,cs,da,de,en,eo,es,eu,fa,fon,fr,fr_fem,gl,he,hr,hu,id,it,it_fem,ja,km,lb,my,nl,oc_auv,oc_gsc,oc_lms,oc_lnc,oc_ni,oc_ni_la,oc_ni_mis,oc_prv,oc_va,pl,pt,pt_br,ro,ru,sk,sv,tr,uk,vi,zh','non',NULL),('langue_site','fr','non',NULL),('email_webmaster','jerome.laurent@orange.com','oui',NULL),('nom_site','Mes voyages','oui',NULL),('slogan_site','Les pérégrinations d\'un réveur','oui',NULL),('adresse_site','http://spip316.localhost','non',NULL),('descriptif_site','Mes récits de voyages, mes aventures de marche','oui',NULL),('activer_logos','oui','oui',NULL),('activer_logos_survol','non','oui',NULL),('articles_surtitre','non','oui',NULL),('articles_soustitre','non','oui',NULL),('articles_descriptif','non','oui',NULL),('articles_chapeau','oui','oui',NULL),('articles_texte','oui','oui',NULL),('articles_ps','non','oui',NULL),('articles_redac','oui','oui',NULL),('post_dates','non','oui',NULL),('articles_urlref','non','oui',NULL),('articles_redirection','oui','oui',NULL),('creer_preview','non','non',NULL),('taille_preview','150','non',NULL),('articles_modif','oui','oui',NULL),('rubriques_descriptif','oui','oui',NULL),('rubriques_texte','oui','oui',NULL),('accepter_inscriptions','non','oui',NULL),('accepter_visiteurs','non','oui',NULL),('prevenir_auteurs','non','oui',NULL),('suivi_edito','non','oui',NULL),('adresse_suivi','','oui',NULL),('adresse_suivi_inscription','','oui',NULL),('adresse_neuf','','oui',NULL),('jours_neuf','','oui',NULL),('quoi_de_neuf','non','oui',NULL),('preview',',0minirezo,1comite,','oui',NULL),('syndication_integrale','oui','oui',NULL),('dir_img','IMG/','oui',NULL),('multi_rubriques','non','oui',NULL),('multi_secteurs','non','oui',NULL),('gerer_trad','non','oui',NULL),('langues_multilingue','','oui',NULL),('version_html_max','html5','oui',NULL),('type_urls','html','oui',NULL),('email_envoi','','oui',NULL),('auto_compress_http','non','oui',NULL),('mots_cles_forums','non','oui',NULL),('forums_titre','oui','oui',NULL),('forums_texte','oui','oui',NULL),('forums_urlref','oui','oui',NULL),('forums_afficher_barre','oui','oui',NULL),('forums_forcer_previsu','oui','oui',NULL),('formats_documents_forum','','oui',NULL),('forums_publics','posteriori','oui',NULL),('forum_prive','oui','oui',NULL),('forum_prive_objets','spip_articles,spip_breves,','oui',NULL),('forum_prive_admin','oui','oui',NULL),('articles_mots','oui','oui',NULL),('config_precise_groupes','non','oui',NULL),('messagerie_agenda','oui','oui',NULL),('barre_outils_public','oui','oui',NULL),('objets_versions','a:0:{}','oui',NULL),('activer_sites','non','oui',NULL),('proposer_sites','0','oui',NULL),('activer_syndic','oui','oui',NULL),('moderation_sites','non','oui',NULL),('activer_statistiques','non','oui',NULL),('activer_captures_referers','non','oui',NULL),('activer_referers','oui','oui',NULL),('activer_breves','oui','oui',NULL),('auto_compress_js','non','oui',NULL),('auto_compress_closure','non','oui',NULL),('auto_compress_css','non','oui',NULL),('url_statique_ressources','','oui',NULL),('documents_objets','spip_articles,','oui',NULL),('documents_date','non','oui',NULL),('langues_utilisees','fr','oui',NULL),('plugin','a:32:{s:4:\"SPIP\";a:5:{s:3:\"nom\";s:4:\"SPIP\";s:4:\"etat\";s:6:\"stable\";s:7:\"version\";s:5:\"3.1.6\";s:8:\"dir_type\";s:14:\"_DIR_RESTREINT\";s:3:\"dir\";s:0:\"\";}s:9:\"COMPAGNON\";a:5:{s:3:\"nom\";s:9:\"Compagnon\";s:4:\"etat\";s:6:\"stable\";s:7:\"version\";s:5:\"1.5.2\";s:3:\"dir\";s:9:\"compagnon\";s:8:\"dir_type\";s:17:\"_DIR_PLUGINS_DIST\";}s:4:\"DUMP\";a:5:{s:3:\"nom\";s:4:\"Dump\";s:4:\"etat\";s:6:\"stable\";s:7:\"version\";s:5:\"1.7.5\";s:3:\"dir\";s:4:\"dump\";s:8:\"dir_type\";s:17:\"_DIR_PLUGINS_DIST\";}s:6:\"IMAGES\";a:5:{s:3:\"nom\";s:6:\"Images\";s:4:\"etat\";s:6:\"stable\";s:7:\"version\";s:5:\"1.2.1\";s:3:\"dir\";s:14:\"filtres_images\";s:8:\"dir_type\";s:17:\"_DIR_PLUGINS_DIST\";}s:5:\"FORUM\";a:5:{s:3:\"nom\";s:5:\"Forum\";s:4:\"etat\";s:6:\"stable\";s:7:\"version\";s:6:\"1.9.35\";s:3:\"dir\";s:5:\"forum\";s:8:\"dir_type\";s:17:\"_DIR_PLUGINS_DIST\";}s:8:\"JQUERYUI\";a:5:{s:3:\"nom\";s:9:\"jQuery UI\";s:4:\"etat\";s:6:\"stable\";s:7:\"version\";s:6:\"1.11.4\";s:3:\"dir\";s:9:\"jquery_ui\";s:8:\"dir_type\";s:17:\"_DIR_PLUGINS_DIST\";}s:8:\"MEDIABOX\";a:5:{s:3:\"nom\";s:8:\"MediaBox\";s:4:\"etat\";s:6:\"stable\";s:7:\"version\";s:5:\"1.0.3\";s:3:\"dir\";s:8:\"mediabox\";s:8:\"dir_type\";s:17:\"_DIR_PLUGINS_DIST\";}s:4:\"MOTS\";a:5:{s:3:\"nom\";s:4:\"Mots\";s:4:\"etat\";s:6:\"stable\";s:7:\"version\";s:5:\"2.7.8\";s:3:\"dir\";s:4:\"mots\";s:8:\"dir_type\";s:17:\"_DIR_PLUGINS_DIST\";}s:10:\"ORGANISEUR\";a:5:{s:3:\"nom\";s:10:\"Organiseur\";s:4:\"etat\";s:6:\"stable\";s:7:\"version\";s:5:\"1.0.3\";s:3:\"dir\";s:10:\"organiseur\";s:8:\"dir_type\";s:17:\"_DIR_PLUGINS_DIST\";}s:9:\"PETITIONS\";a:5:{s:3:\"nom\";s:10:\"Pétitions\";s:4:\"etat\";s:6:\"stable\";s:7:\"version\";s:5:\"1.5.4\";s:3:\"dir\";s:9:\"petitions\";s:8:\"dir_type\";s:17:\"_DIR_PLUGINS_DIST\";}s:4:\"PLAN\";a:5:{s:3:\"nom\";s:35:\"Plan du site dans l’espace privé\";s:4:\"etat\";s:6:\"stable\";s:7:\"version\";s:5:\"2.1.2\";s:3:\"dir\";s:4:\"plan\";s:8:\"dir_type\";s:17:\"_DIR_PLUGINS_DIST\";}s:11:\"PORTE_PLUME\";a:5:{s:3:\"nom\";s:11:\"Porte plume\";s:4:\"etat\";s:6:\"stable\";s:7:\"version\";s:7:\"1.15.15\";s:3:\"dir\";s:11:\"porte_plume\";s:8:\"dir_type\";s:17:\"_DIR_PLUGINS_DIST\";}s:9:\"REVISIONS\";a:5:{s:3:\"nom\";s:10:\"Révisions\";s:4:\"etat\";s:6:\"stable\";s:7:\"version\";s:5:\"1.8.8\";s:3:\"dir\";s:9:\"revisions\";s:8:\"dir_type\";s:17:\"_DIR_PLUGINS_DIST\";}s:8:\"SAFEHTML\";a:5:{s:3:\"nom\";s:8:\"SafeHTML\";s:4:\"etat\";s:6:\"stable\";s:7:\"version\";s:5:\"1.4.3\";s:3:\"dir\";s:8:\"safehtml\";s:8:\"dir_type\";s:17:\"_DIR_PLUGINS_DIST\";}s:5:\"SITES\";a:5:{s:3:\"nom\";s:5:\"Sites\";s:4:\"etat\";s:6:\"stable\";s:7:\"version\";s:6:\"1.9.25\";s:3:\"dir\";s:5:\"sites\";s:8:\"dir_type\";s:17:\"_DIR_PLUGINS_DIST\";}s:23:\"SQUELETTES_PAR_RUBRIQUE\";a:5:{s:3:\"nom\";s:23:\"Squelettes par Rubrique\";s:4:\"etat\";s:6:\"stable\";s:7:\"version\";s:5:\"1.1.2\";s:3:\"dir\";s:23:\"squelettes_par_rubrique\";s:8:\"dir_type\";s:17:\"_DIR_PLUGINS_DIST\";}s:5:\"STATS\";a:5:{s:3:\"nom\";s:12:\"Statistiques\";s:4:\"etat\";s:6:\"stable\";s:7:\"version\";s:6:\"1.0.11\";s:3:\"dir\";s:12:\"statistiques\";s:8:\"dir_type\";s:17:\"_DIR_PLUGINS_DIST\";}s:3:\"SVP\";a:5:{s:3:\"nom\";s:3:\"SVP\";s:4:\"etat\";s:6:\"stable\";s:7:\"version\";s:6:\"1.0.11\";s:3:\"dir\";s:3:\"svp\";s:8:\"dir_type\";s:17:\"_DIR_PLUGINS_DIST\";}s:2:\"TW\";a:5:{s:3:\"nom\";s:19:\"TextWheel pour SPIP\";s:4:\"etat\";s:6:\"stable\";s:7:\"version\";s:6:\"1.3.16\";s:3:\"dir\";s:9:\"textwheel\";s:8:\"dir_type\";s:17:\"_DIR_PLUGINS_DIST\";}s:4:\"URLS\";a:5:{s:3:\"nom\";s:13:\"Urls Etendues\";s:4:\"etat\";s:6:\"stable\";s:7:\"version\";s:5:\"1.5.9\";s:3:\"dir\";s:13:\"urls_etendues\";s:8:\"dir_type\";s:17:\"_DIR_PLUGINS_DIST\";}s:9:\"VERTEBRES\";a:5:{s:3:\"nom\";s:10:\"Vertèbres\";s:4:\"etat\";s:6:\"stable\";s:7:\"version\";s:5:\"1.2.7\";s:3:\"dir\";s:9:\"vertebres\";s:8:\"dir_type\";s:17:\"_DIR_PLUGINS_DIST\";}s:7:\"CRAYONS\";a:5:{s:3:\"nom\";s:7:\"Crayons\";s:4:\"etat\";s:6:\"stable\";s:7:\"version\";s:7:\"1.26.11\";s:3:\"dir\";s:12:\"auto/crayons\";s:8:\"dir_type\";s:12:\"_DIR_PLUGINS\";}s:7:\"SAISIES\";a:5:{s:3:\"nom\";s:7:\"Saisies\";s:4:\"etat\";s:6:\"stable\";s:7:\"version\";s:7:\"2.18.19\";s:3:\"dir\";s:12:\"auto/saisies\";s:8:\"dir_type\";s:12:\"_DIR_PLUGINS\";}s:13:\"CONTACT_LIBRE\";a:5:{s:3:\"nom\";s:13:\"Contact libre\";s:4:\"etat\";s:6:\"stable\";s:7:\"version\";s:5:\"0.1.9\";s:3:\"dir\";s:21:\"auto/contact_libre_v0\";s:8:\"dir_type\";s:12:\"_DIR_PLUGINS\";}s:10:\"ITERATEURS\";a:5:{s:3:\"nom\";s:10:\"iterateurs\";s:7:\"version\";s:5:\"1.0.6\";s:4:\"etat\";s:1:\"?\";s:8:\"dir_type\";s:14:\"_DIR_RESTREINT\";s:3:\"dir\";s:18:\"procure:iterateurs\";}s:5:\"QUEUE\";a:5:{s:3:\"nom\";s:5:\"queue\";s:7:\"version\";s:5:\"0.6.8\";s:4:\"etat\";s:1:\"?\";s:8:\"dir_type\";s:14:\"_DIR_RESTREINT\";s:3:\"dir\";s:13:\"procure:queue\";}s:6:\"JQUERY\";a:5:{s:3:\"nom\";s:6:\"jquery\";s:7:\"version\";s:6:\"1.12.4\";s:4:\"etat\";s:1:\"?\";s:8:\"dir_type\";s:14:\"_DIR_RESTREINT\";s:3:\"dir\";s:14:\"procure:jquery\";}s:3:\"PHP\";a:5:{s:3:\"nom\";s:3:\"php\";s:7:\"version\";s:6:\"5.6.16\";s:4:\"etat\";s:1:\"?\";s:8:\"dir_type\";s:14:\"_DIR_RESTREINT\";s:3:\"dir\";s:11:\"procure:php\";}s:6:\"BREVES\";a:5:{s:3:\"nom\";s:7:\"Brèves\";s:4:\"etat\";s:6:\"stable\";s:7:\"version\";s:6:\"1.3.14\";s:3:\"dir\";s:6:\"breves\";s:8:\"dir_type\";s:17:\"_DIR_PLUGINS_DIST\";}s:11:\"COMPRESSEUR\";a:5:{s:3:\"nom\";s:11:\"Compresseur\";s:4:\"etat\";s:6:\"stable\";s:7:\"version\";s:6:\"1.10.4\";s:3:\"dir\";s:11:\"compresseur\";s:8:\"dir_type\";s:17:\"_DIR_PLUGINS_DIST\";}s:6:\"MEDIAS\";a:5:{s:3:\"nom\";s:6:\"Medias\";s:4:\"etat\";s:6:\"stable\";s:7:\"version\";s:7:\"2.11.40\";s:3:\"dir\";s:6:\"medias\";s:8:\"dir_type\";s:17:\"_DIR_PLUGINS_DIST\";}s:6:\"OEMBED\";a:5:{s:3:\"nom\";s:6:\"oEmbed\";s:4:\"etat\";s:6:\"stable\";s:7:\"version\";s:5:\"1.8.9\";s:3:\"dir\";s:11:\"auto/oembed\";s:8:\"dir_type\";s:12:\"_DIR_PLUGINS\";}}','non',NULL),('plugin_attente','a:0:{}','oui',NULL),('plugin_header','spip(3.1.6),compagnon(1.5.2),dump(1.7.5),images(1.2.1),forum(1.9.35),jqueryui(1.11.4),mediabox(1.0.3),mots(2.7.8),organiseur(1.0.3),petitions(1.5.4),plan(2.1.2),porte_plume(1.15.15),revisions(1.8.8),safehtml(1.4.3),sites(1.9.25),squelettes_par_rubrique(1.1.2),stats(1.0.11),svp(1.0.11),tw(1.3.16),urls(1.5.9),vertebres(1.2.7),crayons(1.26.11),saisies(2.18.19),contact_libre(0.1.9),iterateurs(1.0.6),queue(0.6.8),jquery(1.12.4),php(5.6.16),breves(1.3.14),compresseur(1.10.4),medias(2.11.40),oembed(1.8.9)','non',NULL),('compagnon','a:6:{s:6:\"config\";a:1:{s:7:\"activer\";s:3:\"oui\";}i:1;a:5:{s:7:\"accueil\";i:1;s:18:\"accueil_configurer\";i:1;s:19:\"accueil_publication\";i:1;s:9:\"rubriques\";i:1;s:8:\"rubrique\";i:1;}i:2;a:1:{s:7:\"accueil\";i:1;}i:3;a:2:{s:7:\"accueil\";i:1;s:27:\"article_redaction_redacteur\";i:1;}i:6;a:1:{s:7:\"accueil\";i:1;}i:7;a:1:{s:27:\"article_redaction_redacteur\";i:1;}}','oui',NULL),('compagnon_base_version','1.0.0','oui',NULL),('forum_base_version','1.2.2','oui',NULL),('mots_base_version','2.1.1','oui',NULL),('organiseur_base_version','1.1.2','oui',NULL),('petitions_base_version','1.1.6','oui',NULL),('revisions_base_version','1.2.0','oui',NULL),('sites_base_version','1.1.1','oui',NULL),('stats_base_version','1.0.1','oui',NULL),('svp_base_version','0.5.1','oui',NULL),('urls_base_version','1.1.4','oui',NULL),('breves_base_version','1.0.0','oui',NULL),('medias_base_version','1.2.10','oui',NULL),('plugin_installes','a:13:{i:0;s:9:\"compagnon\";i:1;s:5:\"forum\";i:2;s:4:\"mots\";i:3;s:10:\"organiseur\";i:4;s:9:\"petitions\";i:5;s:9:\"revisions\";i:6;s:5:\"sites\";i:7;s:12:\"statistiques\";i:8;s:3:\"svp\";i:9;s:13:\"urls_etendues\";i:10;s:6:\"breves\";i:11;s:6:\"medias\";i:12;s:11:\"auto/oembed\";}','non',NULL),('cache_signature','62dbaf34eb72fe70526606822564122ebb391a3e62241d8384d80164875e02e0','oui',NULL),('secret_du_site','3e927e2997c113962d898a95b5709faf945dae0913c983835eb481c51808de28','oui',NULL),('optimiser_table','12','non',NULL),('tour_quota_cache','7','oui',NULL),('info_maj_spip','','oui',NULL),('derniere_modif_site','1503415326','oui',NULL),('derniere_modif','1503929424','non',NULL),('urls_activer_controle','non','oui',NULL),('gd_formats_read','gif,jpg,png','non',NULL),('gd_formats','gif,jpg,png','non',NULL),('netpbm_formats','','non',NULL),('derniere_modif_rubrique','1503486071','oui',NULL),('sha_256_only','oui','oui',NULL),('derniere_modif_groupe_mots','1500889033','oui',NULL),('derniere_modif_mot','1503408042','oui',NULL),('derniere_modif_article','1503929424','oui',NULL),('derniere_modif_forum','1500911910','oui',NULL),('derniere_modif_breve','1500904019','oui',NULL),('derniere_modif_document','1503302643','oui',NULL),('derniere_modif_auteur','1501249015','oui',NULL),('drapeau_edition','a:0:{}','non',NULL),('derniere_modif_message','1503310617','oui',NULL),('plugins_interessants','a:31:{s:12:\"auto/crayons\";i:30;s:6:\"breves\";i:30;s:9:\"compagnon\";i:30;s:11:\"compresseur\";i:30;s:4:\"dump\";i:30;s:14:\"filtres_images\";i:30;s:5:\"forum\";i:30;s:9:\"jquery_ui\";i:30;s:8:\"mediabox\";i:30;s:6:\"medias\";i:30;s:4:\"mots\";i:30;s:10:\"organiseur\";i:30;s:9:\"petitions\";i:30;s:4:\"plan\";i:30;s:11:\"porte_plume\";i:30;s:9:\"revisions\";i:30;s:8:\"safehtml\";i:30;s:5:\"sites\";i:30;s:23:\"squelettes_par_rubrique\";i:30;s:12:\"statistiques\";i:30;s:3:\"svp\";i:30;s:9:\"textwheel\";i:30;s:13:\"urls_etendues\";i:30;s:9:\"vertebres\";i:30;s:11:\"auto/oembed\";i:30;s:12:\"auto/saisies\";i:30;s:21:\"auto/contact_libre_v0\";i:30;s:12:\"auto/menuder\";i:28;s:12:\"auto/japibas\";i:23;s:15:\"auto/socialtags\";i:29;s:17:\"auto/curialicious\";i:26;}','oui',NULL),('crayons','a:8:{s:9:\"barretypo\";s:2:\"on\";s:11:\"msgNoChange\";s:2:\"on\";s:10:\"msgAbandon\";s:2:\"on\";s:5:\"filet\";s:2:\"on\";s:11:\"yellow_fade\";s:2:\"on\";s:9:\"clickhide\";s:2:\"on\";s:12:\"reduire_logo\";s:3:\"100\";s:13:\"exec_autorise\";s:0:\"\";}','oui',NULL),('oembed_base_version','0.4.0','oui',NULL),('oembed','a:4:{s:8:\"maxwidth\";s:3:\"600\";s:9:\"maxheight\";s:3:\"400\";s:10:\"embed_auto\";s:3:\"oui\";s:13:\"detecter_lien\";s:3:\"non\";}','oui',NULL),('menuder_base_version','0.1.0','oui',NULL),('date_calcul_rubriques','1503495609','oui',NULL),('cache_inhib','1504105253','oui',NULL);

/*Table structure for table `spip_mots` */

CREATE TABLE `spip_mots` (
  `id_mot` bigint(21) NOT NULL AUTO_INCREMENT,
  `titre` text NOT NULL,
  `descriptif` text NOT NULL,
  `texte` longtext NOT NULL,
  `id_groupe` bigint(21) NOT NULL DEFAULT '0',
  `type` text NOT NULL,
  `maj` timestamp NULL DEFAULT NULL,
  PRIMARY KEY (`id_mot`),
  KEY `id_groupe` (`id_groupe`)
) ENGINE=MyISAM AUTO_INCREMENT=11 DEFAULT CHARSET=utf8;

/*Data for the table `spip_mots` */

insert  into `spip_mots`(`id_mot`,`titre`,`descriptif`,`texte`,`id_groupe`,`type`,`maj`) values (1,'Montagne','Pour les randonnées en montagnes','our tous les articles qui évoquent les montagnes',1,'Nature',NULL),(2,'Campagne','','',1,'Nature',NULL),(3,'Mer','','',1,'Nature',NULL),(4,'Ville','','',1,'Nature',NULL),(5,'Logiciel','Pour tous les articles parlant de la photographie','',2,'Photographie',NULL),(6,'Matériel','','',2,'Photographie',NULL),(7,'Prise de vue','','',2,'Photographie',NULL),(8,'Photographie','','',3,'Prise de vue',NULL),(9,'Tableau','','',3,'Prise de vue',NULL);

/*Table structure for table `spip_mots_liens` */

CREATE TABLE `spip_mots_liens` (
  `id_mot` bigint(21) NOT NULL DEFAULT '0',
  `id_objet` bigint(21) NOT NULL DEFAULT '0',
  `objet` varchar(25) NOT NULL DEFAULT '',
  PRIMARY KEY (`id_mot`,`id_objet`,`objet`),
  KEY `id_mot` (`id_mot`),
  KEY `id_objet` (`id_objet`),
  KEY `objet` (`objet`)
) ENGINE=MyISAM DEFAULT CHARSET=utf8;

/*Data for the table `spip_mots_liens` */

insert  into `spip_mots_liens`(`id_mot`,`id_objet`,`objet`) values (3,5,'article'),(3,7,'article'),(3,8,'article'),(7,7,'article'),(8,5,'article'),(9,7,'article');

/*Table structure for table `spip_paquets` */

CREATE TABLE `spip_paquets` (
  `id_paquet` bigint(21) NOT NULL AUTO_INCREMENT,
  `id_plugin` bigint(21) NOT NULL,
  `prefixe` varchar(30) NOT NULL DEFAULT '',
  `logo` varchar(255) NOT NULL DEFAULT '',
  `version` varchar(24) NOT NULL DEFAULT '',
  `version_base` varchar(24) NOT NULL DEFAULT '',
  `compatibilite_spip` varchar(24) NOT NULL DEFAULT '',
  `branches_spip` varchar(255) NOT NULL DEFAULT '',
  `description` text NOT NULL,
  `auteur` text NOT NULL,
  `credit` text NOT NULL,
  `licence` text NOT NULL,
  `copyright` text NOT NULL,
  `lien_doc` text NOT NULL,
  `lien_demo` text NOT NULL,
  `lien_dev` text NOT NULL,
  `etat` varchar(16) NOT NULL DEFAULT '',
  `etatnum` int(1) NOT NULL DEFAULT '0',
  `dependances` text NOT NULL,
  `procure` text NOT NULL,
  `date_crea` datetime NOT NULL DEFAULT '0000-00-00 00:00:00',
  `date_modif` datetime NOT NULL DEFAULT '0000-00-00 00:00:00',
  `id_depot` bigint(21) NOT NULL DEFAULT '0',
  `nom_archive` varchar(255) NOT NULL DEFAULT '',
  `nbo_archive` int(11) NOT NULL DEFAULT '0',
  `maj_archive` datetime NOT NULL DEFAULT '0000-00-00 00:00:00',
  `src_archive` varchar(255) NOT NULL DEFAULT '',
  `traductions` text NOT NULL,
  `actif` varchar(3) NOT NULL DEFAULT 'non',
  `installe` varchar(3) NOT NULL DEFAULT 'non',
  `recent` int(2) NOT NULL DEFAULT '0',
  `maj_version` varchar(255) NOT NULL DEFAULT '',
  `superieur` varchar(3) NOT NULL DEFAULT 'non',
  `obsolete` varchar(3) NOT NULL DEFAULT 'non',
  `attente` varchar(3) NOT NULL DEFAULT 'non',
  `constante` varchar(30) NOT NULL DEFAULT '',
  `signature` varchar(32) NOT NULL DEFAULT '',
  PRIMARY KEY (`id_paquet`),
  KEY `id_plugin` (`id_plugin`)
) ENGINE=MyISAM AUTO_INCREMENT=32 DEFAULT CHARSET=utf8;

/*Data for the table `spip_paquets` */

insert  into `spip_paquets`(`id_paquet`,`id_plugin`,`prefixe`,`logo`,`version`,`version_base`,`compatibilite_spip`,`branches_spip`,`description`,`auteur`,`credit`,`licence`,`copyright`,`lien_doc`,`lien_demo`,`lien_dev`,`etat`,`etatnum`,`dependances`,`procure`,`date_crea`,`date_modif`,`id_depot`,`nom_archive`,`nbo_archive`,`maj_archive`,`src_archive`,`traductions`,`actif`,`installe`,`recent`,`maj_version`,`superieur`,`obsolete`,`attente`,`constante`,`signature`) values (1,1,'BREVES','prive/themes/spip/images/breve-32.png','001.003.014','1.0.0','[3.1.0;3.1.*]','3.1','<multi>[ar]الأخبار هي معلومات قصيرة بدون مؤلف.[br]Ar pennadoù-berr a zo kemennadoù berr, hep aozer ebet.[de]Meldungen sind kurze Informationen, deren Autor nicht gespeichert wird.[en]News items are short informations, without authors.[eo]La fulm-informoj estas mallongaj enhavo, sen aŭtoro.[es]Los breves son informaciones cortas sin autor.[fa]اين خبرها اطلاعات كوتاه و بدون مؤلف هستند[fr]Les brèves sont des informations courtes, sans auteur.[fr_fem]Les brèves sont des informations courtes, sans auteure.[fr_tu]Les brèves sont des informations courtes, sans auteur.[it]Le brevi sono piccole fonti di informazioni, senza autori.[lb]Kuerzmeldunge si kléng Informatiounen ouni Auteur.[nl]Nieuwsberichten zijn kort nieuws zonder auteur.[oc_ni_mis]Li brèva soun de infourmacioun courti, sensa autour.[pt]As notícias são informações curtas, sem autor.[pt_br]As notas são informações curtas, sem autor.[ru]Новость - это краткая статья без указания автора.[sk]Novinky sú krátke informácie bez autora.[uk]Новина - це коротка стаття без вкізівки на автора.</multi>','a:1:{i:1;a:3:{s:3:\"nom\";s:14:\"Collectif SPIP\";s:3:\"url\";s:0:\"\";s:4:\"mail\";s:0:\"\";}}','','','','','','','stable',4,'a:3:{s:9:\"necessite\";a:0:{}s:9:\"librairie\";a:0:{}s:7:\"utilise\";a:1:{i:0;a:1:{s:4:\"mots\";a:2:{s:3:\"nom\";s:4:\"mots\";s:13:\"compatibilite\";s:8:\"[2.7.8;]\";}}}}','','0000-00-00 00:00:00','0000-00-00 00:00:00',0,'',0,'0000-00-00 00:00:00','breves','','oui','oui',1,'','non','non','non','_DIR_PLUGINS_DIST','79afb696d176cc775df97394f75aab45'),(2,2,'COMPAGNON','prive/themes/spip/images/compagnon-32.png','001.005.002','1.0.0','[3.1.0;3.1.*]','3.1','<multi>[ar]يقدم الرفيق مساعدة للمستخدمين\n		لدى أول زيارة لهم الى المجال الخاص في SPIP.[de]Der Begleiter hilft neuen Benutzern bei ihren ersten Schritten im SPIP Redaktionssystem.[en]The companion provides assistance to users\nduring their first visit to the backoffice of SPIP.[eo]La kompano proponas helpon por uzantoj dum liaj unuaj vizitoj al SPIP privata spaco.[es]El compañero ofrece ayuda a los usuarios durante su primera visita al espacio privado de SPIP.[fa]همراه به كاربران در جريان نخستين ازديدشان از قسمت خصوصي اسپيپ كمك ارايه مي‌كند.[fr]Le compagnon offre une aide aux utilisateurs\n		lors de leur première visite dans l’espace privé de SPIP.[fr_fem]Le compagnon offre une aide aux utilisatrices\n		lors de leur première visite dans l’espace privé de SPIP.[fr_tu]Le compagnon offre une aide aux utilisateurs\n		lors de leur première visite dans l’espace privé de SPIP.[it]L’assistente fornisce una guida agli utenti durante la loro prima visita all’area riservata di SPIP.[lb]De Compagnon bitt de Benotzer Hëllef beim éischte Benotze vum privaten Deel vu SPIP.[nl]De metgezel helpt de gebruikers tijdens\n		hun eerste bezoek in het privé-ruimte van SPIP[oc_ni_mis]Lou coumpàgnou fournisse una adjuda ai utilisaire\n		per la siéu premièra vìsita en l’espaci privat de SPIP.[pt]O guia oferece assistência as utilizadores durante a sua primeira visita à área privada de SPIP.[pt_br]O Companheiro oferece ajuda aos usuários, na primeira visita à área privada do SPIP.[ru]Плагин выводит справку о системе управления при первом входе пользователя в админку.[sk]Compagnon ponúka pomoc používateľom \n		pri ich prvej návšteve v súkromnej zóne SPIPu.[uk]Плагін виводить довідку про систему управління при першому вході користувача до адміністративної частини.</multi>','a:1:{i:1;a:3:{s:3:\"nom\";s:19:\"Matthieu Marcillaud\";s:3:\"url\";s:20:\"http://magraine.net/\";s:4:\"mail\";s:0:\"\";}}','a:1:{i:1;a:2:{s:3:\"nom\";s:26:\"Paul Viluda (Logo, icones)\";s:3:\"url\";s:52:\"http://www.cruzine.com/2010/10/06/animals-icon-sets/\";}}','a:1:{i:1;a:2:{s:3:\"nom\";s:7:\"GNU/GPL\";s:3:\"url\";s:0:\"\";}}','','','','','stable',4,'a:3:{s:9:\"necessite\";a:0:{}s:9:\"librairie\";a:0:{}s:7:\"utilise\";a:0:{}}','','0000-00-00 00:00:00','0000-00-00 00:00:00',0,'',0,'0000-00-00 00:00:00','compagnon','','oui','oui',1,'','non','non','non','_DIR_PLUGINS_DIST','917e2983d162742c2630e58a186abdf2'),(3,3,'COMPRESSEUR','images/compresseur-32.png','001.010.004','','[3.1.0;3.1.*]','3.1','<multi>[ar]ضغط أوراق الأنماط ورموز جافاسكريبت في ترويسة الصفحات في <code>ecrire/</code> و/او الموقع العمومي[de]Kompression von CSS und Javascript-Code im Kopf der Seiten unter <code>ecrire/</code> und/oder auf der öffentlichen Website[en]Compression of css and javascript in the header of the HTML pages of <code>ecrire/</code> and/or of the public site[eo]Densigo de la css kaj javascript en la kaplinio de HTML-paĝoj pri <code>ecrire/</code> kaj / aŭ de la publika retejo[es]Compresión de css y javascript en los encabezados de las páginas HTML de <code>ecrire/</code> y/o del sitio público[fa]و/يا سايت همگاني <code>ecrire/</code> فشرده‌سازي سي.اس.اس‌ها و جاوا اسكريپت در سرصفحه‌ي صفحات اچ.تي.ام.ال‌[fr]Compression des css et javascript dans l’en-tête des pages html de <code>ecrire/</code> et/ou du site public[fr_fem]Compression des css et javascript dans l’en-tête des pages html de <code>ecrire/</code> et/ou du site public[fr_tu]Compression des css et javascript dans l’en-tête des pages html de <code>ecrire/</code> et/ou du site public[it]Compressione di CSS e javascript \nnell’intestazione delle pagine html di <code>ecrire/</code> e/o del sito pubblico pubblico.[lb]Compressioun vun CSS a Javascript am Header vun den HTML-Säiten vun <code>ecrire/</code> an/oder dem ëffentleche Site[nl]Compressie van CSS en JavaScript in de heading van HTML-paginas uit <code>ecrire/</code> en/of van het publieke site.[oc_ni_mis]Coumpressioun dei css e javascript en la prima-testa dei pàgina html de <code>ecrire/</code> e/o dóu sit pùblicou[pt]Compressão de css e javascript no cabeçalho das páginas HTML de <code>ecrire/</code> e/ou do sítio público.[pt_br]Compressão dos css e javascript nos cabeçalhos das páginas html de <code>ecrire/</code> e/ou do site público[ru]Сжимает css и javascript файлы для уменьшения времени загрузки. Используется как на основном сайте, так и в его администраторской части <code>ecrire/</code>[sk]Kompresia css a javascriptu v hlavičke html stránok <code>ecrire/</code> a/lebo na verejne prístupnej stránke[uk]Стискає css та javascript файли для зменьшення часу завантаження. Використовується як на основному сайті, так і в його адміністративній частині <code>ecrire/</code></multi>','a:1:{i:1;a:3:{s:3:\"nom\";s:14:\"Collectif SPIP\";s:3:\"url\";s:0:\"\";s:4:\"mail\";s:0:\"\";}}','','a:1:{i:1;a:2:{s:3:\"nom\";s:3:\"GPL\";s:3:\"url\";s:40:\"http://www.gnu.org/licenses/gpl-3.0.html\";}}','','','','','stable',4,'a:3:{s:9:\"necessite\";a:0:{}s:9:\"librairie\";a:0:{}s:7:\"utilise\";a:1:{i:0;a:1:{s:11:\"porte_plume\";a:2:{s:3:\"nom\";s:11:\"porte_plume\";s:13:\"compatibilite\";s:10:\"[1.15.11;]\";}}}}','','0000-00-00 00:00:00','0000-00-00 00:00:00',0,'',0,'0000-00-00 00:00:00','compresseur','','oui','non',1,'','non','non','non','_DIR_PLUGINS_DIST','769d19228cc17c2209ab63148f32a208'),(4,4,'DUMP','prive/themes/spip/images/base-backup-32.png','001.007.005','','[3.1.0;3.1.*]','3.1','<multi>[ar]نسخ احتياطي لقاعدة البيانات بتنسيق SQLite واسترجاعها[de]Sicherung und Wiederherstellung der Datenbank im SQLite-Format[en]Backup and restoration of the database in SQLite format[eo]Savkopio de la datumbazo en SQLite kaj restaŭro[es]Copia de seguridad en SQLite y recuperación[fa]بك‌آپ و ذخيره‌سازي پايگاه داده‌ها در فرمت اس.كيو.لايت[fr]Sauvegarde de la base en SQLite et restauration[fr_fem]Sauvegarde de la base de données en SQLite et restauration[fr_tu]Sauvegarde de la base en SQLite et restauration[it]Backup e ripristino della base dati SQLite[lb]Backup vun der Datebank als SQLite an Zeréckspillen[nl]Backup van de database in SQLite en restauratie[oc_ni_mis]Sauvagarda de la basa en SQLite e restauramen[pt]Cópia de segurança e restauro da base de dados em SQLite[pt_br]Cópia de segurança da base em SQLite e restauro[ru]Резервная копия в SQLite[sk]Záloha databázy v SQLite a jej obnovenie[uk]Резервне копіювання і відновлення бази даних у SQLite форматі</multi>','a:1:{i:1;a:3:{s:3:\"nom\";s:14:\"Collectif SPIP\";s:3:\"url\";s:0:\"\";s:4:\"mail\";s:0:\"\";}}','','a:1:{i:1;a:2:{s:3:\"nom\";s:3:\"GPL\";s:3:\"url\";s:40:\"http://www.gnu.org/licenses/gpl-3.0.html\";}}','','','','','stable',4,'a:3:{s:9:\"necessite\";a:0:{}s:9:\"librairie\";a:0:{}s:7:\"utilise\";a:0:{}}','','0000-00-00 00:00:00','0000-00-00 00:00:00',0,'',0,'0000-00-00 00:00:00','dump','','oui','non',1,'','non','non','non','_DIR_PLUGINS_DIST','6cc5ea24038813270c5bc1413d3d05e7'),(5,5,'IMAGES','images/image_filtre-32.png','001.002.001','','[3.1.0;3.1.*]','3.1','<multi>[ar]مرشحات معالجة الصور والألوان[de]Bild- und Farbfilter[en]Images processing and colors filters[es]Filtros de transformación de imágenes y de colores[fa]فيلتر‌هاي پردازش تصوير‌ها و رنگ‌ها[fr]Filtres de transformation d’images et de couleurs[fr_fem]Filtres de transformation d’images et de couleurs[fr_tu]Filtres de transformation d’images et de couleurs[it]Filtri di trasformazione delle immagini e dei colori[lb]Ännerungs-Filteren fir d’Biller an d’Faarwen[nl]Beeld en kleur transformatie filters[oc_ni_mis]Filtre de trasfourmacioun d’image e de coulou[pt]Processamento de imagens e filtros de cores[pt_br]Filtros de transformação de imagens e de cores[ru]Набор фильтров по работе с изображениями[sk]Filtre na transformáciu obrázkov a farieb[uk]Фільтри для обробки зображень і роботи з кольорами</multi>','a:1:{i:1;a:3:{s:3:\"nom\";s:14:\"Collectif SPIP\";s:3:\"url\";s:0:\"\";s:4:\"mail\";s:0:\"\";}}','','a:1:{i:1;a:2:{s:3:\"nom\";s:3:\"GPL\";s:3:\"url\";s:40:\"http://www.gnu.org/licenses/gpl-3.0.html\";}}','','','','','stable',4,'a:3:{s:9:\"necessite\";a:0:{}s:9:\"librairie\";a:0:{}s:7:\"utilise\";a:0:{}}','','0000-00-00 00:00:00','0000-00-00 00:00:00',0,'',0,'0000-00-00 00:00:00','filtres_images','','oui','non',1,'','non','non','non','_DIR_PLUGINS_DIST','2c505acd9f544f7b854c2c22429a140d'),(6,6,'FORUM','prive/themes/spip/images/forum-32.png','001.009.035','1.2.2','[3.1.0;3.1.*]','3.1','<multi>[ar]منتدى SPIP (الخاص والعمومي)[de]Foren in SPIP (Redaktionsbereich und öffentliche Website)[en]SPIP’s forum (private and public)[es]Foros de SPIP (privado y público)[fa]سخنگاه اسپيپ (خصوصي همگاني)؟[fr]Forum de SPIP (privé et public)[fr_fem]Forum de SPIP (privé et public)[fr_tu]Forum de SPIP (privé et public)[it]Forum di SPIP (privati e pubblici)[lb]SPIP-Forum (privat an ëffentlech)[nl]Forum van SPIP (private en openbaar)[oc_ni_mis]Fòrou de SPIP (privat e pùblicou)[pt]Fórum de SPIP (privado e público)[pt_br]Fórum do SPIP (privado e público)[ru]Форумы и комментарии в SPIP[sk]Diskusné fóra SPIPu (súkromné a verejné)[uk]Форуми у SPIP (загальні і редакційні)</multi>','a:1:{i:1;a:3:{s:3:\"nom\";s:14:\"Collectif SPIP\";s:3:\"url\";s:0:\"\";s:4:\"mail\";s:0:\"\";}}','','','','','','','stable',4,'a:3:{s:9:\"necessite\";a:0:{}s:9:\"librairie\";a:0:{}s:7:\"utilise\";a:0:{}}','','0000-00-00 00:00:00','0000-00-00 00:00:00',0,'',0,'0000-00-00 00:00:00','forum','','oui','oui',1,'','non','non','non','_DIR_PLUGINS_DIST','2681a86dd394c2df8d4987b4c9443a06'),(7,7,'JQUERYUI','images/jqueryui-128.png','001.011.004','','[3.1.0;3.1.*]','3.1','<multi>[ar]يثبت هذا الملحق مكتبة jQuery UI في SPIP مما يتيح إنشاء مكونات رسومية ديناميكية: ألسنة صفحات، السحب والرمي، شريط سير تنفيذ العمليات الخ.\nوتنقسم وظائف هذه المكتبة الى ثلاث فئات:\n\n-* {{التفاعلية}}: تتيح إضفاء خصائص شيقة على عناصر HTML كإمكان مسكها ونقلها من مكان الى آخر بواسطة الفأرة (السحب والرمي) او تغيير أحجامها كالإطارات والنوافذ او حتى اختيارها كأيقونات توضع على سطح مكتب نظام التشغيل.\n-* {{الأدوات}}: انها عناصر قائمة بنفسها تقدم وظائف متطورة مثل منتقي التواريخ (DatePicker) الذي يعرض روزنامة لاختيار تاريخ منها.\n-* {{المؤثرات}}: تأتي لإغناء المؤثرات القياسية التي يوفرها jQuery (كالتلاشي والإزاحة الى الأعلى او الأسفل...). وبفضل jQuery UI، يصبح من الممكن مثلاً إضفاء الحركة على خصائص الأنماط (CSS) مثل لون الخلفية من خلال خاصية ().animate او إضافة مؤثرات انتقال في خصائص addClass وremoveClass...[de]Dieses Plugin implementiert die Bibliothel jQuery UI in SPIP und ermöglicht so die Nutzung dynamischer Grafiken für Reiter, Ziehen und Ablegen, Fortschrittsbalken, u.v.m.\nDie Bibliothek enthält drei Kategorien von Funktionen:\n-* {{Interaktionen}} ermöglichen HTML-Elementen mit zusätzlichen Eigenschaften auszustatten, etwa dem Verschieben mit der Maus, der Größenänderung von Fenstern oder einer Auswahl wie bei Desktop-Icons.\n-* {{Widgets}} sind gebrauchsfertige komplexe Objekte wie z.B. der DatePicker, welcher einen Kalender zur Datumsauswahl einblendet.\n-* {{Effekte}} erweitern die Standardeffekte (fadeIn, slideUp...) von jQuery. Mit jQuery UI kann z.B. die Eigenschaft CSS background-color mit .animate() dynamisiert werden, oder Übergänge bei addClass/removeClass eingefügt werden.[en]This plugin implements the jQuery UI library in SPIP allowing the creation of dynamic graphical components: tabs, drag & drop, progress bars...\nThe features of this library are divided into three categories:\n-* {{The interactions}}. They can provide very interesting properties to HTML elements, such as being able to be grabbed and moved with the mouse (drag & drop), to be resized as a window, or to be selected as icons on the desktop of your OS.\n-* {{The Widgets}}. They are \"turnkey\" objects offering high-level features such as DatePicker for example, which displays a calendar to select a date.\n-* {{The effects}}. They enrich the effects offered by default by jQuery (fadeIn, slideUp...). Thanks to jQuery UI, it’s possible for example to animate the CSS property background-color with .animate() or to add transitions for the actions addClass/removeClass...[es]Este plugin implementa en SPIP la librería complementaria jQuery UI autorizando la creación de componentes gráficos dinámicos: pestañas, drag & drop, barras de progresión...\nLas funciones de esta librería se dividen en tres categorías:\n-* {{Les interacciones}}. Permiten dar propiedades muy interesantes a elementos HTML, como el poder ser seleccionado y desplazado con el ratón (drag & drop), de ser redimensionados como una ventana, o de ser seleccionados como iconos en el escritorio del entorno de ventanas.\n-* {{Los Widgets}}. Son objetos «llave en mano» que proponen funciones de alto nivel como el DatePicker por ejemplo, que muestra un calendario en el que se puede seleccionar una fecha.\n-* {{Los efectos}}. Enriquecen los efectos por omisión propuestos por jQuery (fadeIn, slideUp...). Gracias a jQuery UI es posible, por ejemplo, animar la propiedad CSS background-color con .animate() o incluso agregar transiciones a los addClass/removeClass...[fr]Ce plugin implémente dans SPIP la bibliothèque complémentaire jQuery UI autorisant la création de composants graphiques dynamiques : onglets, drag & drop, barres de progression...\nLes fonctionnalités de cette bibliothèque se divisent en 3 catégories :\n-* {{Les interactions}}. Elles permettent de donner des propriétés très intéressantes à des éléments HTML, comme le fait de pouvoir être attrapés et déplacés avec la souris (drag & drop), d’être redimensionnés comme une fenêtre, ou encore d’être sélectionnés comme des icones sur le bureau de votre OS.\n-* {{Les Widgets}}. Ce sont des objets « clé en main » qui proposent des fonctionnalités de haut niveau comme le DatePicker par exemple, qui affiche un calendrier permettant de sélectionner une date.\n-* {{Les effects}}. Ils enrichissement les effets par défaut proposés par jQuery (fadeIn, slideUp...). Grâce à jQuery UI, il est par exemple possible d’animer la propriété CSS background-color avec .animate() ou encore d’ajouter des transitions lors des addClass/removeClass...[fr_fem]Ce plugin implémente dans SPIP la bibliothèque complémentaire jQuery UI autorisant la création de composants graphiques dynamiques : onglets, drag & drop, barres de progression...\nLes fonctionnalités de cette bibliothèque se divisent en 3 catégories :\n-* {{Les interactions}}. Elles permettent de donner des propriétés très intéressantes à des éléments HTML, comme le fait de pouvoir être attrapés et déplacés avec la souris (drag & drop), d’être redimensionnés comme une fenêtre, ou encore d’être sélectionnés comme des icones sur le bureau de votre OS.\n-* {{Les Widgets}}. Ce sont des objets « clé en main » qui proposent des fonctionnalités de haut niveau comme le DatePicker par exemple, qui affiche un calendrier permettant de sélectionner une date.\n-* {{Les effects}}. Ils enrichissement les effets par défaut proposés par jQuery (fadeIn, slideUp...). Grâce à jQuery UI, il est par exemple possible d’animer la propriété CSS background-color avec .animate() ou encore d’ajouter des transitions lors des addClass/removeClass...[fr_tu]Ce plugin implémente dans SPIP la bibliothèque complémentaire jQuery UI autorisant la création de composants graphiques dynamiques : onglets, drag & drop, barres de progression...\nLes fonctionnalités de cette bibliothèque se divisent en 3 catégories :\n-* {{Les interactions}}. Elles permettent de donner des propriétés très intéressantes à des éléments HTML, comme le fait de pouvoir être attrapés et déplacés avec la souris (drag & drop), d’être redimensionnés comme une fenêtre, ou encore d’être sélectionnés comme des icones sur le bureau de votre OS.\n-* {{Les Widgets}}. Ce sont des objets « clé en main » qui proposent des fonctionnalités de haut niveau comme le DatePicker par exemple, qui affiche un calendrier permettant de sélectionner une date.\n-* {{Les effects}}. Ils enrichissement les effets par défaut proposés par jQuery (fadeIn, slideUp...). Grâce à jQuery UI, il est par exemple possible d’animer la propriété CSS background-color avec .animate() ou encore d’ajouter des transitions lors des addClass/removeClass...[it]Questo plugin implementa la libreria jQuery UI all’interno di SPIP consentendo la creazione di componenti grafiche dinamiche: tab, drag & drop, barre di progresso ...\nLe funzionalità di questa libreria sono divise in tre categorie:\n-* {{Le interazioni}}. Queste aggiungono interessanti proprietà agli elementi HTML, come la possibilità di essere prese e trascinate con il mouse (drag & drop), di essere ridimensionate come una finestra, oppure di essere selezionate come le icone del desktop del vostro sistema operativo.\n-* {{I Widgets}}. Questi sono oggetti che offrono caratteristiche di alto livello come il DatePicker per esempio, che mostra un calendario per selezionare le date.\n-* {{Gli Effetti}}. Questi arrichiscono gli effetti già offerti da jQuery (fadeIn, slideUp). Grazie a jQuery UI, è possibile per esempio animare la propriety CSS background-color con .animate() oppure aggiungere una transizione per l’azione addClass/removeClass...[lb]Dëse Plugin installéiert d’jQuery UI Library am SPIP. Si erlaabt dynamesch grafesch Erstelle vun Tabs, Drag&Drop, Progression-Bars, asw.\nD’Funktioune vun dëser Library ginn a 3 Kategorien opgedeelt:\n-* {{Interaktiounen}}. Si erlaben HTML-Elementer interessant Méiglechkeeten ze ginn, z.B. kënne mat der Maus gepaakt a geréckelt ginn (Drag & Drop), an der Gréisst wéi eng Fenster geännert ginn, oder wéi Ikone um Büro vun ärem Operating System ausgewielt ginn.\n-* {{Widgets}}. Dat sinn \"schlësselfäerdeg\" Objekter déi Funktioune vun héigem Niveau erméiglechen, z.B DatePicker deen e Kalenner weist wou e kann en Datum auswielen.\n-* {{Effekter}}. Si beräicheren d’Default-Effekter vun jQuery (fadeIn, slideUp, asw.). Mat jQuery UI ass et z.B. méiglech d’CSS-Proprietéit background-color mat .animate() ze änneren oder Transitiounen mat  addClass/removeClass ze erméiglechen.[nl]Deze plugin implementeert het extra bibliotheek jQuery UI in SPIP waardoor de creatie van dynamische grafische tabs, drag & drop, vooruitgang bars mogelijk wordt...\nKenmerken van deze bibliotheek bestaan uit drie categorieën:\n-* {{Interacties}}. Zij kunnen zeer interessante eigenschappen aan HTML-elementen geven, zoals de mogelijkheid om ze te kunnen grijpen en verplaatsen met de muis (drag & drop), aanpassen als een venster, of nog geselecteerd te worden als pictogrammen op het bureau van uw OS.\n-* {{Widgets}}. Het zijn objecten \"klaar voor gebruik\" die een hoog niveau van functionaliteit aanbieden, zoals bijvoorbeeld  datepicker die een kalender aanmaakt om het selecteren van een datum te toelaten.\n-* {{De effecten}}. Ze verrijken  de effecten aangeboden door jQuery (FadeIn, slideUp ...). Dankzij jQuery UI is het bijvoorbeeld mogelijk om de CSS background-color met .animate() te animeren of nog overgangen tijdens addClass / removeClass toe te voegen ...[oc_ni_mis]Aqueu plugin implementa en SPIP la biblioutèca coumplementari jQuery UI qu’autourisa la creacioun de coumpousant gràficou dinàmicou : ounglet, drag & drop, barra de prougressioun...\nLi founciounalità d’aquela biblioutèca si divison en 3 categourìa :\n-* {{Li interacioun}}. Permeton de dounà de prouprietà pròpi interessanti en de elemen HTML, couma si poudé estre achapat e desplaçat embé la rateta (drag & drop), d’estre redimensiounat couma un fenestroun, o ben d’estre seleciounat couma de icona soubre lou burèu dóu vouòstre OS.\n-* {{Lu Widget}}. Aquelu soun de ouget « clau en man » que proupauson de founciounalità de aut nivèu couma lou DatePicker per isemple, qu’afichà un calendari que permete de seleciounà una data.\n-* {{Lu efet}}. Enriquisson lu efet predefinit proupausat da jQuery (fadeIn, slideUp...). Gauch a jQuery UI, es per isemple poussible d’animà la prouprietà CSS background-color embé .animate() o ben d’ajustà de transicioun dóu temp dei addClass/removeClass...[pt]Este plugin implementa em SPIP a biblioteca complementar jQuery UI, permitindo a criação de componentes gráficos dinâmicos: guias, drag & drop, barras de progresso...\nAs funcionalidades desta biblioteca dividem-se em três categorias:\n-* {{As interacções}}. Podem conferir interessantes propriedades aos elementos HTML, como a capacidade de ser arrastados e movidos com o rato (drag & drop), de ser redimensionados como uma janela, ou de serem seleccionados como ícones no ambiente de trabalho do seu Sistema Operativo.\n-* {{Os Widgets}}. São os objectos « chave na mão » que oferecem funções de alto nível como por exemplo DatePicker,  que exibe um calendário para seleccionar uma data.\n-* {{Os efeitos}}. Enriquecem os efeitos oferecidos por defeito por jQuery (fadeIn, slideUp...). Graças a jQuery UI, é possível por exemplo animar a propriedade CSS cor de fundo, com .animate() ou adicionar transições para as acções addClass/removeClass...[pt_br]Este plugin implementa a biblioteca complementar JQuery UI no SPIP, permitindo a criação de componentes gráficos dinâmicos: abas, drag & drop, barras de progressão...\nAs funcionalidades desta biblioteca estão organizadas em três categorias:\n-* {{As interações}}. Podem fornecer propriedades muito interessantes a elementos HTML, como a possibilidade de agarrar e deslocar elementos com o mouse (drag & drop), redimensioná-los como se fossem janelas ou de os selecionar como ícones do seu sistema operacional.\n-* {{Os Widgets}}. São objetos prontos, que oferecem funcionalidades sofisticadas como, por exemplo, o DatePicker, que exibe um calendário para seleção de uma data.\n-* {{Os efeitos}}. Enriquecem os efeitos padrão oferecidos pelo JQuery (fadeIn, slideUp...). Graças ao JQuery UI é, por exemplo, possível animar a propriedade CSS background-color com .animate() ou ainda adicionar transições às ações addClass/removeClass...[ru]Этот плагин реализует в SPIP дополнительные библиотеки JQuery UI, что позволяет создавать динамические графические компоненты: вкладки, drag & drop, прогресс-бары ...\nВозможности этой библиотеки делятся на 3 категории:\n-* {{Взаимодействия)}}.  Предоставляют очень интересные свойства HTML элементам, такие как возможность их поймать и перемещать с помощью мыши (перетащить и бросить), изменять как окно или выбирать как иконки на рабочем столе OS.\n-* {{Виджеты}}. Это объекты «под ключ», предлагающие возможности высокого уровня, как например DatePicker, показывающий календарь для выбора даты.\n-* {{Эффекты}}. Обогащают типичные эффекты, предлагаемые jQuery (fadeIn, slideUp...). С JQuery UI, например, можно анимировать CSS фон, используя свойство background-color с .animate(), или добавить переходы с addClass/removeClass...[sk]Tento zásuvný modul do SPIPu zavádza doplnkovú knižnicu  jQuery UI umožňujúcu vytváranie dynamických grafických prvkov: tabulátory, drag & drop, grafy zobrazujúce postup pri dokončení niečoho atď.\nFunkcie tejto knižnice sa rozdeľujú do 3 kategórií:\n-* {{Interakcie:}} dávajú vašim HTML objektom zaujímavé vlastnosti, napríklad môžete na objekty kliknúť myšou, a tak ich presúvať (drag&drop), dá sa meniť ich veľkosť tak ako veľkosť okna, alebo si ich môžete zvoliť ako ikony na pracovnú plochu svojho operačného systému.\n-* {{Widgety:}} to sú objekty s \"prepínačmi\", ktoré ponúkajú funkcie vysokej úrovne, ako napríklad DatePicker, ktorý zobrazí kalendár umožňujúci zadanie dátumu.\n-* {{Efekty:}} obohacujú predvolené efekty, ktoré ponúka jQuery (fadeIn, slideUp...). Napríklad vďaka jQuery UI je možné doplniť vlastnosť CSS background-color o .animate() alebo pridať prechody k addClass/removeClass, atď.[uk]Цей  плагін реалізує в SPIP додаткові бібліотеки JQuery UI, що дозволяє створювати динамічні графічні компоненти: вкладки, drag & drop, прогрес-бари...\nМожливості цієї бібліотеки поділяються на 3 категорії:\n-* {{Взаємодії}}.  Надають дуже цікаві властивості HTML-елементам, такі як можливісті їх спіймати і пересувати за допомогою миші (перетягнути й кинути), змінювати як вікно або вибирати як іконки на робочому столі OS.\n-* {{Віджети}}. Це об’єкти «під ключ», що пропонують можливості високого рівня, як, наприклад, DatePicker, який показує календар для вибору дати.\n-* {{Ефекти}}. Збагачують типові ефекти, що пропонує jQuery (fadeIn, slideUp...). З JQuery UI, наприклад, можна анімувати CSS фон за допомогою властивості background-color з .animate() або додати переходи з addClass/removeClass...</multi>','a:1:{i:1;a:3:{s:3:\"nom\";s:14:\"Collectif SPIP\";s:3:\"url\";s:0:\"\";s:4:\"mail\";s:0:\"\";}}','a:1:{i:1;a:2:{s:3:\"nom\";s:14:\"jQuery UI Team\";s:3:\"url\";s:25:\"http://jqueryui.com/about\";}}','','','','','','stable',4,'a:3:{s:9:\"necessite\";a:0:{}s:9:\"librairie\";a:0:{}s:7:\"utilise\";a:0:{}}','','0000-00-00 00:00:00','0000-00-00 00:00:00',0,'',0,'0000-00-00 00:00:00','jquery_ui','','oui','non',1,'','non','non','non','_DIR_PLUGINS_DIST','4659ffd8582ff7c1926d1034aa069550'),(8,8,'MEDIABOX','prive/themes/spip/images/mediabox-32.png','001.000.003','','[3.1.0;3.1.*]','3.1','<multi>[ar]افتراضياً، يتم إضفاء صندوق الفرجة على كل الوصلات الى الصور (لها نوع خاصية يصف mime/type الصورة) إضافة الى الوصلات المزودة بنمط &lt;code&gt;.mediabox&lt;/code&gt;.\n\n\n\nمن الممكن إعداد كل وصلة على حدة من خلال أنماط إضافية:\n\n-* يتيح &lt;code&gt;boxIframe&lt;/code&gt;  فتح الوصلة في إطار iframe\n\n-* يتيج &lt;code&gt;boxWidth-350px&lt;/code&gt; تحديد عرض ٣٥٠ نقطة للإطار\n\n-* يتيح &lt;code&gt;boxHeight-90pc&lt;/code&gt; تحديد ارتفاع ٩٠٪ للإطار\n\n\n\nوتتيح لوحة تحكم تعديل الإعدادات العامة حسب الرغبة كما تتيح اختيار شكل الصندوق من بين الأشكال المتاحة.\n\nيعمل هذا الملحق في الصفحات النموذجية التي تحتوي على علامة <code>#INSERT_HEAD</code>[de]Alle Links zu Bildern (mit einem mime/type für Bilder) sowie Links mit der Klasse <code>.mediabox</code>werden in einer Multimedia-Box angezeigt.\n\nJeder Link kann einzeln um folgende Klassen ergänzt werden:\n\n-* <code>boxIframe</code> öffnet den Link als iFrame in einer Box;\n\n-* <code>boxWidth-350px</code>öffnet eine 350px breite Box;\n\n-* <code>boxHeight-90pc</code> öffnet eine 90% hohe Box;\n\nSie können die Voreinstellungen in einem Konfigurationsdialog einstellen, und das Standarddesign der Boxen auswählen.\n\nDieses Plugin benötigt den Tag <code>#INSERT_HEAD</code> im Kopf des Skeletts.[en]By default, all links to pictures (with a type attribute describing the mime/type of the picture) and\nlinks with the CSS class <code>.mediabox</code> are enriched by multimedia box.\n\nYou can configure each link on a case by case basis with additional classes:\n-* <code>boxIframe</code> enables to open link in iframe box; \n-* <code>boxWidth-350px</code> enables to specify a width of 350px for the box;\n-* <code>boxHeight-90pc</code> enables to specify a height of 90% for the box\n\nA configuration panel lets you edit the general settings to your liking, and the appearance of the box among the available skins.\n\nThis plugin works on skeletons which have the <code>#INSERT_HEAD</code> tag.[es]Por defecto, todos los enlaces definidos sobre imágenes (con un atributo tipo que describa el mime/type de la imafen) así como los enlaces con la clase <code>.mediabox</code> son enriquecidos por la caja multimedia.\n	\nEs posible configurar cada enlace, caso por caso, con clases adicionales:\n\n-* <code>boxIframe</code> permite abrir el enlace en una caja en un iframe ;\n\n-* <code>boxWidth-350px</code> permite definir un ancho de 350px para la caja;\n\n-* <code>boxHeight-90pc</code> perite definir un alto de 90% para la caja.\n\nUn panel de configuración permite modificar tanto las especificaciones generales como el aspecto de la caja, a partir de un conjunto de opciones disponibles. \n	\nEste plugin funciona en los esqueletos que incluyen la baliza <code>#INSERT_HEAD</code>[fr]Par défaut, tous les liens vers des images (avec un attribut type décrivant le mime/type de l’image) ainsi que les liens avec la classe <code>.mediabox</code> sont enrichis par la boîte multimédia.\n	\n	Il est possible de configurer chaque lien au cas par cas avec des classes supplémentaires :\n\n-* <code>boxIframe</code> permet de demander à ouvrir le lien dans une boîte en iframe ;\n\n-* <code>boxWidth-350px</code> permet de spécifier une largeur de 350px pour la boîte ;\n\n-* <code>boxHeight-90pc</code> permet de spécifier une hauteur de 90% pour la boîte.\n\n	Un panneau de configuration vous permet de modifier les réglages généraux à votre convenance, ainsi que l’aspect de la boîte parmi les habillages disponibles.\n	\n	Ce plugin fonctionne sur les squelettes disposant de la balise <code>#INSERT_HEAD</code>[fr_fem]Par défaut, tous les liens vers des images (avec un attribut type décrivant le mime/type de l’image) ainsi que les liens avec la classe <code>.mediabox</code> sont enrichis par la boîte multimédia.\n	\n	Il est possible de configurer chaque lien au cas par cas avec des classes supplémentaires :\n\n-* <code>boxIframe</code> permet de demander à ouvrir le lien dans une boîte en iframe ;\n\n-* <code>boxWidth-350px</code> permet de spécifier une largeur de 350px pour la boîte ;\n\n-* <code>boxHeight-90pc</code> permet de spécifier une hauteur de 90% pour la boîte.\n\n	Un panneau de configuration vous permet de modifier les réglages généraux à votre convenance, ainsi que l’aspect de la boîte parmi les habillages disponibles.\n	\n	Ce plugin fonctionne sur les squelettes disposant de la balise <code>#INSERT_HEAD</code>[fr_tu]Par défaut, tous les liens vers des images (avec un attribut type décrivant le mime/type de l’image) ainsi que les liens avec la classe <code>.mediabox</code> sont enrichis par la boîte multimédia.\n	\n	Il est possible de configurer chaque lien au cas par cas avec des classes supplémentaires :\n\n-* <code>boxIframe</code> permet de demander à ouvrir le lien dans une boîte en iframe ;\n\n-* <code>boxWidth-350px</code> permet de spécifier une largeur de 350px pour la boîte ;\n\n-* <code>boxHeight-90pc</code> permet de spécifier une hauteur de 90% pour la boîte.\n\n	Un panneau de configuration te permet de modifier les réglages généraux à ta convenance, ainsi que l’aspect de la boîte parmi les habillages disponibles.\n	\n	Ce plugin fonctionne sur les squelettes disposant de la balise <code>#INSERT_HEAD</code>[it]Per impostazione predefinita, tutti i collegamenti alle immagini (con un attributo che descrive il tipo mime/tipo di foto) e\ncollegamenti con il <code> classe CSS. mediabox </ code> sono arricchite da box multimediale.\n	\nÈ possibile configurare ogni collegamento in una caso per caso con le classi aggiuntive:\n- * <code> BoxIframe </ code> permette di aprire il collegamento nella casella iframe;\n- * <code> Boxwidth-350 pixel </ code> consente di specificare una larghezza di 350 pixel per il box;\n- * <code> BoxHeight-90pc </ code> consente di specificare una altezza di 90% per il box\n\nUn pannello di configurazione permette di modificare le impostazioni generali a proprio piacimento, e l’aspetto tra le skin disponibili.\n\nQuesto plugin funziona su scheletri che hanno la <code> INSERT_HEAD # </ code> tag.[lb]Par défaut hunn all Linken op Biller (mat Attribut mime/type) a Linke mat der Klass <code>.mediabox</code> Zougrëff op d’Mediabox.\n\nAll Link ka mat zousätzleche Klassen agestallt ginn:\n-* <code>boxIframe</code> de Link soll an engem Iframe opgemach ginn;\n-* <code>boxWidth-350px</code> d’Box soll eng Breet vun 350 Pixel hun;\n-* <code>boxHeight-90pc</code> d’Box soll eng Héicht vun 90% hun.\n\nD’Astellung erlaabt de generelle Layout festzeleen, op Basis vun e puer Virlagen.\nDëse Plugin fonktionnéiert mat Skeletter déi den Tag <code>#INSERT_HEAD</code> hun.[nl]Standaard worden alle links naar beelden (met een type attribuut beschrijving van de beeld mime/type) en de links met een class <code>.mediabox </ code> verrijkt door de mediabox.\n\nHet is mogelijk om elke link telkens met extra klassen te configureren :\n\n- * <code>boxIframe</code> om de link in een iframe doos te tonen;\n\n- * <code>boxWidth-350px</code> om een boxbreedte van 350px te specificeren;\n\n- <code>boxHeight-90pc</code>  om een hoogte van 90% voor de box te specificeren.\n\nIn een configuratiepaneel kunt u de algemene instellingen voor uw gemak bewerken, en ook het uiterlijk van de doos vervangen uit de beschikbare skins.\n\nDeze plugin werkt op de skeletten die de <code>#INSERT_HEAD</ code> SPIP tag gebruiken.[oc_ni_mis]En mancança, toui lu estac devers li image (embé un atribut type descrivent lou mime/type de l’image) couma pura lu estac embé la classa <code>.mediabox</code> soun enriquit per la bouòta multimedia.\n\n	Es poussible de counfigurà cada estac au cas per cas embé de classa suplementari :\n\n-* <code>boxIframe</code> permete de demandà a durbì l’estac en una bouòta iframe ;\n\n-* <code>boxWidth-350px</code> permete de spechificà una larguessa de 350px per la bouòta ;\n\n-* <code>boxHeight-90pc</code> permete de spechificà una autessa de 90% per la bouòta.\n\n	Un panèu de counfiguracioun vi permete de moudificà lu reglage general a la vouòstra counveniença, couma pura l’aspet de la bouòta tra lu abilhage dispounible.\n\n	Aqueu plugin founciouna soubre lu esquèletrou qu’an una balisa <code>#INSERT_HEAD</code>[pt]Por defeito, todas as ligações a imagens (com um atributo tipo que descreva o mime/type da imagem) e as ligações com a classe CSS <code>.mediabox</code> são enriquecidas pela caixa multimédia.\n	\n	É possível configurar cada ligação, caso a caso, com classes adicionais:\n\n-* <code>boxIframe</code> permite abrir uma ligação numa caixa iframe ;\n\n-* <code>boxWidth-350px</code> permite especificar uma largura de 350px para a caixa ;\n\n-* <code>boxHeight-90pc</code> permite especificar uma altura de 90% para a caixa.\n\n	Um painel de configuração permite-lhe editar as suas preferências gerais, e o aspecto da caixa, de entre as alternativas disponíveis.\n	\n	Este plugin funciona em modelos que tenham a tag <code>#INSERT_HEAD</code>[pt_br]Por padrão, todos os links para imagens (com um atributo do tipo que descreve o mime/type da imagem) assim como os links com a classe <code>.mediabox</code> são enriquecidos pela caixa multimedia.\n	\n	É possível configurar cada link ou caso a caso com classes suplementares:\n\n-* <code>boxIframe</code> permite oferecer de abrir o link numa caixa em iframe;\n\n-* <code>boxWidth-350px</code> permite especificar uma largura de 350px para a caixa;\n\n-* <code>boxHeight-90pc</code> permite especificar uma altura de 90% para a caixa.\n\n	Um painel de controle permite que você altere as configurações gerais, bem como a aparência da caixa entre os temas disponíveis.\n	\n	Esse plugin funciona nos templates com a tag <code>#INSERT_HEAD</code>[ru]По умолчанию все ссылки на картинки (файлы с соответствующим mime/type атрибутом) и ссылки с CSS классом <code>.mediabox</code> выводятся в сплывающем окне.\n	\n	Вы можете настроить класс ссылки для каждого конкретного случая :\n\n-* <code>boxIframe</code> позволяет открывать ссылки в iframe ;\n\n-* <code>boxWidth-350px</code> задает ширину всплывающего окна в 350px ;\n\n-* <code>boxHeight-90pc</code> задает высоту окна в 90%.\n\nВ настройках модуля вы можете изменять 	внешний вид блоков и прочие настройки.\n	Модуль работает только в случае, если вы добавляете <code>#INSERT_HEAD</code> в ваши шаблоны.[sk]Podľa predvolených nastavení všetky odkazy k obrázkom (s typom v parametre, ktorý uvádza mime/typ obrázka) a odkazy v triede <code>.mediabox</code> obohacuje multimediálny box.\n\nKaždý odkaz môžete osobitne nastaviť pomocou doplnkových tried:\n\n-* <code>boxIframe</code> umožňuje otvárať odkaz v ráme iframe,\n\n-* <code>boxWidth-350px</code> umožňuje definovať šírku poľa 350px,\n\n-* <code>boxHeight-90pc</code> umožňuje zadať výšku poľa 90%.\n\nOvládací panel vám umožňuje všeobecné nastavenia podľa vašich želaní vybrať dizajn boxu z dostupných vzhľadov.\n\nTento zásuvný modul spolupracuje so šablónami, ktoré obsahujú tag <code>#INSERT_HEAD</code>[uk]Зазвичай усі посилання на зображення (файли з відповідним mime/type атрибутом) і посилання з CSS класом <code>.mediabox</code> виводяться у вікні, що спливає.\n	\n	Ви можете налаштувати клас посилання для кожного випадку:\n\n-* <code>boxIframe</code> дозволяє відкривати посилання в iframe ;\n\n-* <code>boxWidth-350px</code> задає ширину спливаючого вікна у 350px ;\n\n-* <code>boxHeight-90pc</code> задає висоту вікна у 90%.\n\nВ налаштуваннях модуля ви можете змінити зовнішній вигляд блоків та інші налаштування.\n	Модуль працює лише в тому випадку, якщо ви додаєте тег <code>#INSERT_HEAD</code> до ваших шаблонів.</multi>','a:1:{i:1;a:3:{s:3:\"nom\";s:14:\"Collectif SPIP\";s:3:\"url\";s:0:\"\";s:4:\"mail\";s:0:\"\";}}','a:1:{i:1;a:2:{s:3:\"nom\";s:12:\"ColorPowered\";s:3:\"url\";s:33:\"http://colorpowered.com/colorbox/\";}}','','','https://contrib.spip.net/MediaBox','','','stable',4,'a:3:{s:9:\"necessite\";a:0:{}s:9:\"librairie\";a:0:{}s:7:\"utilise\";a:0:{}}','','0000-00-00 00:00:00','0000-00-00 00:00:00',0,'',0,'0000-00-00 00:00:00','mediabox','','oui','non',1,'','non','non','non','_DIR_PLUGINS_DIST','f01d88ba3c2437d653f7b1f219d5b518'),(9,9,'MEDIAS','prive/themes/spip/images/portfolio-32.png','002.011.040','1.2.10','[3.1.0;3.1.*]','3.1','<multi>[ar]أدارة الوسائط المتعددة في SPIP[de]Medienverwaltung in  SPIP[en]SPIP’s media management[es]Gestión de documentos multimedia de SPIP[fa]مديريت رسانه‌‌هاي اسپيپ[fr]Gestion des médias de SPIP[fr_fem]Gestion des médias de SPIP[fr_tu]Gestion des médias de SPIP[it]Gestione dei media di SPIP[lb]Gestioun vun de Medien vu SPIP[nl]Beheer van de medias in SPIP[oc_ni_mis]Gestioun dei media de SPIP[pt]Gestão multimédia de SPIP[pt_br]Gerenciamento de mídias do SPIP[ru]Управление медиа файлами[sk]Správa multimédií v SPIPe[uk]Управління медіа-файлами</multi>','a:1:{i:1;a:3:{s:3:\"nom\";s:14:\"Collectif SPIP\";s:3:\"url\";s:0:\"\";s:4:\"mail\";s:0:\"\";}}','a:3:{i:1;a:2:{s:3:\"nom\";s:57:\"Cédric Morin, Romy Duhem-Verdière pour la médiathèque\";s:3:\"url\";s:0:\"\";}i:2;a:2:{s:3:\"nom\";s:8:\"getID3()\";s:3:\"url\";s:22:\"http://www.getid3.org/\";}i:3;a:2:{s:3:\"nom\";s:15:\"MediaElement.js\";s:3:\"url\";s:26:\"http://mediaelementjs.com/\";}}','','','','','','stable',4,'a:3:{s:9:\"necessite\";a:0:{}s:9:\"librairie\";a:0:{}s:7:\"utilise\";a:1:{i:0;a:3:{s:1:\"Z\";a:2:{s:3:\"nom\";s:1:\"Z\";s:13:\"compatibilite\";s:9:\"[1.7.28;]\";}s:8:\"mediabox\";a:2:{s:3:\"nom\";s:8:\"mediabox\";s:13:\"compatibilite\";s:8:\"[1.0.1;]\";}s:4:\"mots\";a:2:{s:3:\"nom\";s:4:\"mots\";s:13:\"compatibilite\";s:8:\"[2.7.8;]\";}}}}','','0000-00-00 00:00:00','0000-00-00 00:00:00',0,'',0,'0000-00-00 00:00:00','medias','','oui','oui',1,'','non','non','non','_DIR_PLUGINS_DIST','b175dff45eddd96a23fa16a9de01915c'),(10,10,'MOTS','prive/themes/spip/images/mot-32.png','002.007.008','2.1.1','[3.1.0;3.1.*]','3.1','<multi>[ar]المفاتيح ومجموعات المفاتيح[de]Schlagworte und Schlagwortgruppen[en]Keywords and keywords groups[es]Palabras clave y grupos de palabras clave[fa]واژه‌ها و گروه‌ واژه‌ها[fr]Mots et Groupes de mots[fr_fem]Mots-clef et Groupes de mots-clef[fr_tu]Mots et Groupes de mots[it]Parole e Gruppi di parole[lb]Schlësselwierder a Gruppen[nl]Terfwoorden en groepen van trefwoorden[oc_ni_mis]Mot e Group de mot[pt]Palavras e grupos de palavras[pt_br]Palavras-chave e seus grupos[ru]Ключи и группы ключей[sk]Kľúčové slová a skupiny kľúčových slov[uk]Ключі та групи ключів</multi>','a:1:{i:1;a:3:{s:3:\"nom\";s:14:\"Collectif SPIP\";s:3:\"url\";s:0:\"\";s:4:\"mail\";s:0:\"\";}}','','','','','','','stable',4,'a:3:{s:9:\"necessite\";a:0:{}s:9:\"librairie\";a:0:{}s:7:\"utilise\";a:0:{}}','','0000-00-00 00:00:00','0000-00-00 00:00:00',0,'',0,'0000-00-00 00:00:00','mots','','oui','oui',1,'','non','non','non','_DIR_PLUGINS_DIST','f011b3d446f0589232848654019d0728'),(11,11,'ORGANISEUR','prive/themes/spip/images/calendrier-32.png','001.000.003','1.1.2','[3.1.0;3.1.*]','3.1','<multi>[ar]أدوات عمل تحريري جماعي[de]Werkzeuge für eine Online-Redaktion[en]Collaborative editorial working tools[es]Herramientas de trabajo editorial en grupo[fa]ابزارهاي گروه سردبيري[fr]Outils de travail éditorial en groupe[fr_fem]Outils de travail éditorial en groupe[fr_tu]Outils de travail éditorial en groupe[it]Strumenti per il lavoro editoriale in gruppo[lb]Gruppenaarbecht[nl]Samenwerking- en werkinstrument voor de redacteurs[oc_ni_mis]Óutis de travai editourial éditorial en group[pt]Ferramentas de trabalho editorial em grupo[pt_br]Utilitário para trabalho editorial em grupo[ru]Организация совместной работы[sk]Nástroje na redakčnú prácu v skupine[uk]Організація спільної роботи</multi>','a:1:{i:1;a:3:{s:3:\"nom\";s:14:\"Collectif SPIP\";s:3:\"url\";s:0:\"\";s:4:\"mail\";s:0:\"\";}}','a:1:{i:1;a:2:{s:3:\"nom\";s:24:\"Adam Shaw (FullCalendar)\";s:3:\"url\";s:31:\"http://arshaw.com/fullcalendar/\";}}','','','','','','stable',4,'a:3:{s:9:\"necessite\";a:0:{}s:9:\"librairie\";a:0:{}s:7:\"utilise\";a:0:{}}','','0000-00-00 00:00:00','0000-00-00 00:00:00',0,'',0,'0000-00-00 00:00:00','organiseur','','oui','oui',1,'','non','non','non','_DIR_PLUGINS_DIST','434cc76bf8697dd52ffdb472ce33ac8e'),(12,12,'PETITIONS','prive/themes/spip/images/petition-32.png','001.005.004','1.1.6','[3.1.0;3.1.*]','3.1','<multi>[ar]العرائض في SPIP[de]Petitionen mit SPIP[en]Petitions in SPIP[es]Peticiones en SPIP[fa]طومارها در اسپيپ[fr]Pétitions dans SPIP[fr_fem]Pétitions dans SPIP[fr_tu]Pétitions dans SPIP[it]Petizioni di SPIP[nl]Petities in SPIP[oc_ni_mis]Peticioun en SPIP[pt]Petições em SPIP[pt_br]Petições do SPIP[ru]Модуль сбора подписей для SPIP[sk]Petície v SPIPe[uk]Петиції у SPIP</multi>','a:1:{i:1;a:3:{s:3:\"nom\";s:14:\"Collectif SPIP\";s:3:\"url\";s:0:\"\";s:4:\"mail\";s:0:\"\";}}','','','','','','','stable',4,'a:3:{s:9:\"necessite\";a:0:{}s:9:\"librairie\";a:0:{}s:7:\"utilise\";a:0:{}}','','0000-00-00 00:00:00','0000-00-00 00:00:00',0,'',0,'0000-00-00 00:00:00','petitions','','oui','oui',1,'','non','non','non','_DIR_PLUGINS_DIST','c5aa672750610ebde7d0977832baecb2'),(13,13,'PLAN','prive/themes/spip/images/plan-64.png','002.001.002','','[3.1.0;3.1.*]','3.1','<multi>[fr]Ce plugin améliore la page « Plan du site » de l’espace privé en affichant une structure dépliable et en permettant de filtrer par statut d’articles.</multi>','a:1:{i:1;a:3:{s:3:\"nom\";s:19:\"Matthieu Marcillaud\";s:3:\"url\";s:0:\"\";s:4:\"mail\";s:0:\"\";}}','a:2:{i:1;a:2:{s:3:\"nom\";s:12:\"Picol (logo)\";s:3:\"url\";s:21:\"http://www.picol.org/\";}i:2;a:2:{s:3:\"nom\";s:22:\"Ivan Bozhanov (jstree)\";s:3:\"url\";s:23:\"https://www.jstree.com/\";}}','a:1:{i:1;a:2:{s:3:\"nom\";s:7:\"GNU/GPL\";s:3:\"url\";s:0:\"\";}}','','https://contrib.spip.net/4718','','','stable',4,'a:3:{s:9:\"necessite\";a:0:{}s:9:\"librairie\";a:0:{}s:7:\"utilise\";a:0:{}}','','0000-00-00 00:00:00','0000-00-00 00:00:00',0,'',0,'0000-00-00 00:00:00','plan','','oui','non',1,'','non','non','non','_DIR_PLUGINS_DIST','0c11189af87af4ca17d81d08b3dc8b39'),(14,14,'PORTE_PLUME','images/porte-plume-32.png','001.015.015','','[3.1.0;3.1.*]','3.1','<multi>[ar]الريشة هي شريط أدوات موسع لنظام SPIP يستخدم مكتبة جافاسكريبت [MarkItUp-&gt;http://markitup.jaysalvat.com/home/][de]Der Federhalter ist eine erweiterbare Werkzeugleiste für SPIP auf Grundlage der Javascript-Bibiliothek [MarkItUp->http://markitup.jaysalvat.com/home/][en]The Quill is a SPIP extensible toolbar which uses the [MarkItUp->http://markitup.jaysalvat.com/home/] javascript library.[es]Porta pluma es una barra de herramientas extensible para SPIP que utiliza la librería javascript [MarkItUp->http://markitup.jaysalvat.com/home/][fa]چوب قلم يك نوار ابزار قابل گسترش براي اسپيپ است كه آرشيو جاوا اسكريپت [MarkItUp->http://markitup.jaysalvat.com/home/] را مورد استفاده قرار مي‌دهد.[fr]Porte plume est une barre d’outils extensible pour SPIP qui utilise la bibliothèque javascript [MarkItUp->http://markitup.jaysalvat.com/home/][fr_fem]Porte plume est une barre d’outils extensible pour SPIP qui utilise la bibliothèque javascript [MarkItUp->http://markitup.jaysalvat.com/home/][fr_tu]Porte plume est une barre d’outils extensible pour SPIP qui utilise la bibliothèque javascript [MarkItUp->http://markitup.jaysalvat.com/home/][it]Portapenne è una barra degli strumenti estensibile per SPIP che utilizza la libreria javascript [MarkItUp->http://markitup.jaysalvat.com/home/][nl]Penhouder is een rekbare werkbalk voor SPIP die gebruik van [MarkItUp->http://markitup.jaysalvat.com/home/] javascript library  maakt.[oc_ni_mis]Pouòrta-pluma es una barra d’óutis estensible per SPIP qu’utilisa la biblioutèca javascript [MarkItUp->http://markitup.jaysalvat.com/home/][pt]Pena é uma barra de ferramentas em SPIP que usa a biblioteca javascript [MarkItUp->http://markitup.jaysalvat.com/home/][pt_br]Porte plume é uma barra de feramentas para SPIP que utiliza a biblioteca javascript [MarkItUp->http://markitup.jaysalvat.com/home/][ru]Porte plume - расширение возможностей стандартного текстового редактора SPIP. Использует javascript библиотеку  [MarkItUp->http://markitup.jaysalvat.com/home/].[sk]Porte plume je rozšíriteľný panel s nástrojmi pre SPIP, ktorý využíva javascriptovú knižnicu [MarkItUp->http://markitup.jaysalvat.com/home/][uk]Porte plume - розширення можливостей стандартного текстового редактора SPIP. Використовує javascript бібліотеку  [MarkItUp->http://markitup.jaysalvat.com/home/].</multi>','a:1:{i:1;a:3:{s:3:\"nom\";s:19:\"Matthieu Marcillaud\";s:3:\"url\";s:0:\"\";s:4:\"mail\";s:0:\"\";}}','a:2:{i:1;a:2:{s:3:\"nom\";s:21:\"Jay Salvat (MarkitUp)\";s:3:\"url\";s:30:\"http://markitup.jaysalvat.com/\";}i:2;a:2:{s:3:\"nom\";s:18:\"FamFamFam (Icones)\";s:3:\"url\";s:25:\"http://www.famfamfam.com/\";}}','a:1:{i:1;a:2:{s:3:\"nom\";s:7:\"GNU/GPL\";s:3:\"url\";s:40:\"http://www.gnu.org/licenses/gpl-3.0.html\";}}','','https://contrib.spip.net/Porte-plume,3117','','','stable',4,'a:3:{s:9:\"necessite\";a:0:{}s:9:\"librairie\";a:0:{}s:7:\"utilise\";a:0:{}}','','0000-00-00 00:00:00','0000-00-00 00:00:00',0,'',0,'0000-00-00 00:00:00','porte_plume','','oui','non',1,'','non','non','non','_DIR_PLUGINS_DIST','56e8abea940664cdf043f0015ed6dc14'),(15,15,'REVISIONS','prive/themes/spip/images/revision-32.png','001.008.008','1.2.0','[3.1.0;3.1.*]','3.1','<multi>[ar]متابعة التغييرات في العناصر التحريرية[de]Änderungen von redaktionellen Inhalten nachvollziehen[en]Tracking changes of editorial objects[es]Seguimiento de las modificaciones de los objetos editoriales[fa]پيگيري اصلاحات موضوع‌هاي سردبيري[fr]Suivi des modifications des objets éditoriaux[fr_fem]Suivi des modifications des objets éditoriaux[fr_tu]Suivi des modifications des objets éditoriaux[it]Il rilevamento delle revisioni sugli oggetti editoriali[lb]Verwaltung vun de Versiounen vun den Objekter[nl]De revisies van de editoriale objecten volgen[oc_ni_mis]Seguit dei moudificacioun dei ouget editourial[pt]Seguimento das modificações dos objectos editoriais[pt_br]Acompanhamento das alterações dos objetos editoriais[ru]История изменений[sk]Sledujte zmeny redakčných objektov[uk]Відстеження змін об’єктів, що редагуються</multi>','a:1:{i:1;a:3:{s:3:\"nom\";s:14:\"Collectif SPIP\";s:3:\"url\";s:0:\"\";s:4:\"mail\";s:0:\"\";}}','','','','','','','stable',4,'a:3:{s:9:\"necessite\";a:0:{}s:9:\"librairie\";a:0:{}s:7:\"utilise\";a:0:{}}','','0000-00-00 00:00:00','0000-00-00 00:00:00',0,'',0,'0000-00-00 00:00:00','revisions','','oui','oui',1,'','non','non','non','_DIR_PLUGINS_DIST','c244b0c40d96fc8966fe3333e16ee18f'),(16,16,'SAFEHTML','images/safehtml-32.png','001.004.003','','[3.1.0;3.1.*]','3.1','<multi>[ar]حماية المنتديات من هجمات من نوع الأوامرالعابرة للمواقع[de]Schutz der Foren gegen cross-site scripting Attacken[en]Forums protection against cross-site scripting attacks[es]Protección de los foros contra ataques de type cross-site scripting[fr]Protection des forums contre les attaques de type cross-site scripting[fr_fem]Protection des forums contre les attaques de type cross-site scripting[fr_tu]Protection des forums contre les attaques de type cross-site scripting[it]Protezione del forum contro gli attacchi di tipo cross-site scripting[nl]Bescherming van forums tegen cross-site scripting[oc_ni_mis]Proutecioun dei fòrou countra lu atac de tìpou cross-site scripting[pt]Protecção dos fóruns contra os ataques do tipo cross-site scripting[pt_br]Proteção dos foruns contra ataques do tipo cross-site scripting[ru]Защищает форму комментариев от межсайтового скриптинга (XSS)[sk]Ochrana diskusných fór pred útokmi, ako cross-site scripting[uk]Захищає форуми від міжсайтового скриптингу (XSS)</multi>','a:1:{i:1;a:3:{s:3:\"nom\";s:14:\"Collectif SPIP\";s:3:\"url\";s:0:\"\";s:4:\"mail\";s:0:\"\";}}','a:3:{i:1;a:2:{s:3:\"nom\";s:12:\"Roman Ivanov\";s:3:\"url\";s:0:\"\";}i:2;a:2:{s:3:\"nom\";s:10:\"Pixel-Apes\";s:3:\"url\";s:0:\"\";}i:3;a:2:{s:3:\"nom\";s:8:\"JetStyle\";s:3:\"url\";s:0:\"\";}}','a:1:{i:1;a:2:{s:3:\"nom\";s:3:\"GPL\";s:3:\"url\";s:40:\"http://www.gnu.org/licenses/gpl-3.0.html\";}}','','http://www.ohloh.net/p/safehtml','','','stable',4,'a:3:{s:9:\"necessite\";a:0:{}s:9:\"librairie\";a:0:{}s:7:\"utilise\";a:0:{}}','','0000-00-00 00:00:00','0000-00-00 00:00:00',0,'',0,'0000-00-00 00:00:00','safehtml','','oui','non',1,'','non','non','non','_DIR_PLUGINS_DIST','2a879c9fa25dfffaf5c32e751c8a243f'),(17,17,'SITES','prive/themes/spip/images/site-32.png','001.009.025','1.1.1','[3.1.0;3.1.*]','3.1','<multi>[ar]مواقع وترخيص في SPIP (خاص وعمومي)[de]Verwaltung verlinkter und syndizierter Websites mit  SPIP (im öffentlichen und Redaktionsbereich)[en]Sites and syndication in SPIP (private and public)[es]Sitios y sindicación en SPIP (privado y público)[fa]سايت‌ها و مشترك‌سازي‌ها در اسپسپ (خصوصي و همگاني)[fr]Sites et syndication dans SPIP (privé et public)[fr_fem]Sites et syndication dans SPIP (privé et public)[fr_tu]Sites et syndication dans SPIP (privé et public)[it]Siti e syndication in SPIP (privato e pubblica)[lb]Websäiten a Syndicatioun am SPIP (privat an ëffentlech)[nl]Sites en Websyndicatie in SPIP (privé en publiek)[oc_ni_mis]Sit e sindicacioun en SPIP (privat et pùblicou)[pt]Sítios e vinculação em SPIP (privado e público)[pt_br]Sites e sindicação do SPIP (privado e público)[ru]Подключение других сайтов по RSS[sk]Stránky a syndikácia v SPIPe (súkromná aj verejná)[uk]Підключення інших сайтів по RSS</multi>','a:1:{i:1;a:3:{s:3:\"nom\";s:14:\"Collectif SPIP\";s:3:\"url\";s:0:\"\";s:4:\"mail\";s:0:\"\";}}','','','','','','','stable',4,'a:3:{s:9:\"necessite\";a:0:{}s:9:\"librairie\";a:0:{}s:7:\"utilise\";a:0:{}}','','0000-00-00 00:00:00','0000-00-00 00:00:00',0,'',0,'0000-00-00 00:00:00','sites','','oui','oui',1,'','non','non','non','_DIR_PLUGINS_DIST','22df949c89d35bbf9c07c32190244603'),(18,18,'SQUELETTES_PAR_RUBRIQUE','squelettes_par_rubrique-32.png','001.001.002','','[3.1.0;3.1.*]','3.1','<multi>[ar]دعم الصفحات النموذجية التي تملك لاحقة رقمية و/او لاحقة رمز لغة[de]Unterstützung der Skelette mit Rubriknummer und/oder Sprachcode als Namenszusatz: (-23.html, =23.html, et .en.html)[en]Support of suffixed templates by section number and/or by language code : (-23.html, =23.html, and .en.html)[es]Implementación de esqueletos con sufijo por numero de sección y/o por código de idioma: (-23.html, =23.html, y .en.html)[fa]پشتيبان اسكلت‌هاي پسوندي توسط تعدادي بخش و/يا توسط كدر زبان :  (-23.html, =23.html, et .en.html)[fr]Support des squelettes suffixés par numéro de rubrique et/ou par code de langue : (-23.html, =23.html, et .en.html)[fr_fem]Support des squelettes suffixés par numéro de rubrique et/ou par code de langue : (-23.html, =23.html, et .en.html)[fr_tu]Support des squelettes suffixés par numéro de rubrique et/ou par code de langue : (-23.html, =23.html, et .en.html)[it]Supporto dei modelli con suffisso numero di sezione e/o il codice della lingua: (-23.html, =23.html, et .en.html)[lb]Ënnerstëtzung vun de Skeletter mat engem Suffix fir d’Rubrik an/oder d’Sprooch: (-23.html, =23.html, an .en.html)[nl]Ondersteuning van de suffix ingewijden skeletten (met rubrieknummers en / of taal-code: -23.html, =23.html   en .en.html)[oc_ni_mis]Supouòrt dei esquèletrou sufissat per un nùmero de rùbrica e/o per un code de lenga : (-23.html, =23.html, e .en.html)[pt]Apoio dos modelos com sufixo por número de rubrica e/ou por código de idioma : (-23.html, =23.html, et .en.html)[pt_br]Suporte aos gabaritos com sufixo do númeor da seção e/ou por código de idioma: (-23.html, =23.html, et .en.html)[ru]Позволяет задавать отдельные шаблоны по номеру раздела, статьи, а также языковой версии: (-23.html, =23.html, и .en.html)[sk]Podpora šablón pripojených vo forme prípony podľa čísla rubriky a/lebo kódu jazyka: (-23.html, =23.html a .en.html)[uk]Дозволяє задавати окремі шаблони за номером рубріки, статті, а також мовної версії: (-23.html, =23.html, и .en.html)</multi>','a:1:{i:1;a:3:{s:3:\"nom\";s:14:\"Collectif SPIP\";s:3:\"url\";s:0:\"\";s:4:\"mail\";s:0:\"\";}}','','','','','','','stable',4,'a:3:{s:9:\"necessite\";a:0:{}s:9:\"librairie\";a:0:{}s:7:\"utilise\";a:0:{}}','','0000-00-00 00:00:00','0000-00-00 00:00:00',0,'',0,'0000-00-00 00:00:00','squelettes_par_rubrique','','oui','non',1,'','non','non','non','_DIR_PLUGINS_DIST','e9a75f7cf642249a8c63785dbd62af4d'),(19,19,'STATS','prive/themes/spip/images/statistique-32.png','001.000.011','1.0.1','[3.1.0;3.1.*]','3.1','<multi>[ar]إحصاءات SPIP[de]Estadísticas de SPIP[en]Statistics of SPIP[es]Estadísticas de SPIP[fa]آمارهاي اسپيپ[fr]Statistiques de SPIP[fr_fem]Statistiques de SPIP[fr_tu]Statistiques de SPIP[it]Statistiche di SPIP[lb]SPIP-Statistiken[nl]Statistieken van SPIP[oc_ni_mis]Estatìstica de SPIP[pt]Estatísticas de SPIP[pt_br]Estatísticas do SPIP[ru]Статистика посещений сайта[sk]Štatistiky SPIPu[uk]Статистика відвідувань сайту</multi>','a:1:{i:1;a:3:{s:3:\"nom\";s:14:\"Collectif SPIP\";s:3:\"url\";s:0:\"\";s:4:\"mail\";s:0:\"\";}}','','','','','','','stable',4,'a:3:{s:9:\"necessite\";a:0:{}s:9:\"librairie\";a:0:{}s:7:\"utilise\";a:0:{}}','','0000-00-00 00:00:00','0000-00-00 00:00:00',0,'',0,'0000-00-00 00:00:00','statistiques','','oui','oui',1,'','non','non','non','_DIR_PLUGINS_DIST','d150c8bbb955ad0ac30eb6bb3a4bbc39'),(20,20,'SVP','svp-64.png','001.000.011','0.5.1','[3.1.0;3.1.*]','3.1','<multi>[ar]يقدم هذا الملحق، من جهة، دارة تتيح تنفيذ بحث متعدد المعايير حول الملحقات وتجميع معلومات عنها (نماذج وظيفية، نماذج تصاميمن صفحات نموذجية) ومن جهة أخرى، يقدم واجهة لإدارة الملحقات والعلاقات بينها.[de]SVP stellt ein API bereit, mit dem SPIP-Plugins (Zusatzfunktionen, Themen und  Skelette) nach mehreren Kriterien gesucht  und ausgewählt werden können und bietet eine Oberfläche zur Verwaltung der  Plugins sowie ihrer Abhängigkeiten.[en]On one hand, this plugin provides an API to perform multi-criteria searches, to collect and present information on SPIP plugins (functional modules, themes, and skeletons) and on the other hand, proposes a new administration interface to manage the dependencies between plugins.[es]Este plugin proporciona, por un lado, una API que permite efectuar búsquedas multi-criterio, recopilar y presentar información sobre los plugins (módulos funcionales, temas y esqueletos) y, por otro lado, una nueva interfaz de administración de los plugins que gestiona las dependencias entre ellos.[fa]اين پلاگينن،‌ از يك طرف يك آي.پي.يي براي جستجو‌‌هاي چند معياره  براي گردآوري و ارايه‌ي اطلاعات در مورد پلاگين‌هاي اسپيپ (مادوول‌هاي كاركردي، تم‌ها و اسكلث‌ها) در اختيار مي‌گذارد، و از طرف ديگر، يك واسط مديريتي جديد براي مديريت وابستگي‌هاي بين پلاگين‌ها را پيشنهاد مي‌كند.[fr]Ce plugin fournit, d’une part,  une API permettant d’effectuer des recherches multi-critères, de collecter, et de présenter les informations sur les plugins SPIP (modules fonctionnels, thèmes et squelettes) et d’autre part, une nouvelle interface d’administration des plugins gérant les dépendances entre plugins.[fr_fem]Ce plugin fournit, d’une part,  une API permettant d’effectuer des recherches multi-critères, de collecter, et de présenter les informations sur les plugins SPIP (modules fonctionnels, thèmes et squelettes) et d’autre part, une nouvelle interface d’administration des plugins gérant les dépendances entre plugins.[fr_tu]Ce plugin fournit, d’une part,  une API permettant d’effectuer des recherches multi-critères, de collecter, et de présenter les informations sur les plugins SPIP (modules fonctionnels, thèmes et squelettes) et d’autre part, une nouvelle interface d’administration des plugins gérant les dépendances entre plugins.[it]Da un lato, questo plugin fornisce un’API per eseguire ricerche multi-criteri, per raccogliere e presentare informazioni su SPIP plugin (moduli funzionali, temi e scheletri) e, dall’altro, propone una nuova interfaccia di amministrazione per gestire le dipendenze tra i plugin.[nl]Enerzijds biedt deze plugin een API aan voor het multi-criteria zoeken, het verzamelen en het tonen van informatie over SPIP Plugins (functionele modules, thema’s en skeletten), anderzijds biedt het een nieuwe interface voor het beheer van plugins dat ook de onderlinge afhankelijkheden in acht neemt.[oc_ni_mis]Aqueu plugin fournisse, premieramen, una API que permete d’efetuà dei recercà multi-critèri, de couletà, e de presentà li infourmacioun soubre lu plugin SPIP (module fountiounal, tèma e esquèletrou), e segoundamen, una interfaça nouvela d’aministracioun dei plugin que gèron li dependança tra lu plugin.[pt]Por um lado, este plugin fornece um API que permite efectuar pesquisar multi-critério, recolher e apresentar informação sobre plugins SPIP (módulos funcionais, temas e modelos). Por outro lado, propõe uma nova interface de administração, para gerir as dependências entre plugins.[pt_br]Este plugin fornece, por um lado, uma API que permite fazer buscas culti-critérios, coletar e apresentar as informações sobre os plugins SPIP (módulos funcionais, temas e templates) e, por outro lado, uma nova interface de administração dos plugins, gerenciando as dependências entre plugins.[ru]Этот модуль предоставляет API и интерфейс для управления плагинами SPIP.[sk]Tento zásuvný modul poskytuje, po prvé, aplikáciu umožňujúcu vykonávať vyhľadávania na základe viacerých kritérií, vyhľadať a zobraziť informácie o zásuvných moduloch SPIPu (funkčných moduloch, farebných motívoch i šablónach) a po druhé, nové rozhranie nastavení zásuvných modulov riadi závislosti medzi zásuvnými modulmi.[uk]З одного боку, цей плагін забезпечує API для виконання пошуку по безлічі критеріїв, щоб зібрати і представити інформацію про SPIP-плагіни (функціональні модулі, теми і шаблони), а з іншого боку, пропонує новий інтерфейс адміністрування для управління залежностями між плагінами.</multi>','a:2:{i:1;a:3:{s:3:\"nom\";s:14:\"Eric Lupinacci\";s:3:\"url\";s:23:\"http://blog.smellup.net\";s:4:\"mail\";s:0:\"\";}i:2;a:3:{s:3:\"nom\";s:14:\"Collectif SPIP\";s:3:\"url\";s:0:\"\";s:4:\"mail\";s:0:\"\";}}','','a:1:{i:1;a:2:{s:3:\"nom\";s:5:\"GPL 3\";s:3:\"url\";s:40:\"http://www.gnu.org/licenses/gpl-3.0.html\";}}','','http://blog.smellup.net/spip.php?rubrique1','','','stable',4,'a:3:{s:9:\"necessite\";a:0:{}s:9:\"librairie\";a:0:{}s:7:\"utilise\";a:0:{}}','','0000-00-00 00:00:00','0000-00-00 00:00:00',0,'',0,'0000-00-00 00:00:00','svp','','oui','oui',1,'','non','non','non','_DIR_PLUGINS_DIST','461fc21ebca952574672a209a4a59bca'),(21,21,'TW','textwheel-32.png','001.003.016','','[3.1.0;3.1.*]','3.1','<multi>[ar]دمج TextWheel في SPIP[de]Integration von TextWheel in SPIP[en]Integrate TextWheel in SPIP[es]Integrar TextWheel en SPIP[fa]ادغام چرخ‌نويس (TextWheel) در اسپيپ[fr]Intégrer TextWheel dans SPIP[fr_fem]Intégrer TextWheel dans SPIP[fr_tu]Intégrer TextWheel dans SPIP[it]Integra TextWheel in SPIP[lb]TextWheel a SPIP integréieren[nl]TextWheel in SPIP integreren[oc_ni_mis]Integrà TextWheel en SPIP[pt]Integrar TextWheel em SPIP[pt_br]Integrar TextWheel com o SPIP[ru]Интегрировать TextWheel в SPIP[sk]Integrovať TextWheel do SPIPu[uk]Інтегрувати TextWheel в SPIP</multi>','a:1:{i:1;a:3:{s:3:\"nom\";s:14:\"Collectif SPIP\";s:3:\"url\";s:0:\"\";s:4:\"mail\";s:0:\"\";}}','','a:1:{i:1;a:2:{s:3:\"nom\";s:8:\"GNU/LGPL\";s:3:\"url\";s:37:\"http://www.gnu.org/licenses/lgpl.html\";}}','','','','','stable',4,'a:3:{s:9:\"necessite\";a:0:{}s:9:\"librairie\";a:0:{}s:7:\"utilise\";a:1:{i:0;a:2:{s:4:\"yaml\";a:2:{s:3:\"nom\";s:4:\"yaml\";s:13:\"compatibilite\";s:8:\"[1.5.2;[\";}s:11:\"memoization\";a:2:{s:3:\"nom\";s:11:\"memoization\";s:13:\"compatibilite\";s:8:\"[1.5.4;]\";}}}}','','0000-00-00 00:00:00','0000-00-00 00:00:00',0,'',0,'0000-00-00 00:00:00','textwheel','','oui','non',1,'','non','non','non','_DIR_PLUGINS_DIST','c88f554719acfa7d936182b552c8e458'),(22,22,'URLS','prive/themes/spip/images/url-32.png','001.005.009','1.1.4','[3.1.0;3.1.*]','3.1','<multi>[ar]إدارة تنوعات عناوين URL ذات المعنى ام لا[de]Verwaltung von URL-Varianten[en]Management of the URL variants, meaningful or not[es]Gestión de las variantes de URL significativas o no[fa]مديريت تنوع يو.آر.ال‌هاي مهم يا غيرمهم[fr]Gestion des variantes d’URL signifiantes ou non[fr_fem]Gestion des variantes d’URL signifiantes ou non[fr_tu]Gestion des variantes d’URL signifiantes ou non[it]Gestione delle varianti significative URL, o non[nl]Beheer van de URL’s varianten (betekenisdragend of niet)[oc_ni_mis]Gestioun dei varianti d’URL significanti o noun[pt_br]Gerenciamento das variantes de URLs significantes ou não[ru]SEO-friendly URLs (ЧПУ ссылки)[sk]Riadenie variantov URL, či už sémantických, alebo nie[uk]SEO-friendly URLs (ЧПУ посилання)</multi>','a:1:{i:1;a:3:{s:3:\"nom\";s:14:\"Collectif SPIP\";s:3:\"url\";s:0:\"\";s:4:\"mail\";s:0:\"\";}}','','','','','','','stable',4,'a:3:{s:9:\"necessite\";a:0:{}s:9:\"librairie\";a:0:{}s:7:\"utilise\";a:0:{}}','','0000-00-00 00:00:00','0000-00-00 00:00:00',0,'',0,'0000-00-00 00:00:00','urls_etendues','','oui','oui',1,'','non','non','non','_DIR_PLUGINS_DIST','44244bcdb10e753a297247c84224ec11'),(23,23,'VERTEBRES','images/vertebres-32.png','001.002.007','','[3.1.0;3.1.*]','3.1','<multi>[ar]تقدم إضافة الفقرات وسيلة عرض جداول SQL في قاعدة البيانات وذلك بإدخال متغير في عنوان الصفحة يحدد الجدول المطلوب عرضه تسبقه عبارة &quot;table:&quot;، مثلاً:\n<code>ecrire/?exec=vertebres&table=spip_articles</code>[de]Das Plugin Wirbelsäule ermöglicht SQL Tabellen zu lesen, indem im URL der Parameter &quot;table:&quot; angegeben wird. Beispiel: <code>ecrire/?exec=vertebres&table=spip_articles</code>[en]Vertebrae provides a way to read a SQL table indicating\n as an argument of the page the database table to read, preceded of\n\"table\", for example: <code>ecrire/?exec=vertebres&table=spip_articles</code>[es]Vértebras propone una forma de leer una tabla SQL indicando como argumento de página el nombre de la tabla a leer precedido de &quot;table:&quot;, por ejemplo : <code>ecrire/?exec=vertebres&table=spip_articles</code>[fa]فقرات روشي براي خواندن يك جدول اس.كيو.ال كه به يك آرگومان صفحه‌ي جدول پايگاه داده‌ةا دلالت دارد، ارايه مي‌كند، پيش از «جدول»، به عنوان نمونه:\n<code>ecrire/?exec=vertebres&table=spip_articles</code>[fr]Vertèbres propose un moyen de lire une table SQL en indiquant comme argument de page la table à lire, précédé de &quot;table :&quot;, par exemple : <code>ecrire/ ?exec=vertebres&table=spip_articles</code>[fr_fem]Vertèbres propose un moyen de lire une table SQL en indiquant comme argument de page la table à lire, précédé de &quot;table :&quot;, par exemple : <code>ecrire/ ?exec=vertebres&table=spip_articles</code>[fr_tu]Vertèbres propose un moyen de lire une table SQL en indiquant comme argument de page la table à lire, précédé de &quot;table :&quot;, par exemple : <code>ecrire/ ?exec=vertebres&table=spip_articles</code>[it]Vertèbres offre un modo per leggere una tabella SQL passata come parametro, preceduta da  &quot;table:&quot;, per esempio : <code>ecrire/?exec=vertebres&table=spip_articles</code>[lb]Vertèbres erlaabt eng SQL-Tafel ze liesen andeem en als Argument de Numm vun der Tafel ugett, mat virdrun \"table:\", z.B.: <code>ecrire/?exec=vertebres&table=spip_articles</code>[nl]Wervels geeft je de mogelijkheid om SQL-tabels te lezen. Schrijf \"table=naam_van_de_tabel\" als argument van de pagina, bijvoorbeeld: <code>ecrire/?exec=vertebres&table=spip_articles</code>[oc_ni_mis]Vertèbra proupausa un mèsou per legì una taula SQL en endicant couma argumen de pàgina la taula da legì, prechedat de &quot;table :&quot;, per isemple : <code>ecrire/ ?exec=vertebres&table=spip_articles</code>[pt_br]Vértebras propõe um modo de ler uma tabela SQL usando como argumento de página a tabela a ser lida, precedida de &quot;table&quot;, por exemplo: <code>ecrire/?exec=vertebres&table=spip_articles</code>[ru]Это плагин (Vertèbres) позволяет получать информацию из таблиц базы данных (SQL) передавая в адресной строке название таблицы, например : <code>ecrire/?exec=vertebres&table=spip_articles</code>[sk]Vertebres ponúka spôsob na čítanie tabuľky SQL ako parameter, ktorý požaduje od stránky, aby prečítala tabuľku, pred ktorou je \"table:\", napríklad: <code>ecrire/?exec=vertebres&table=spip_articles</code>[uk]Цей плагін (Vertèbres) дозволяє отримувати інформацію з таблиць бази даних (SQL), передаючи в адресному рядку назву таблиці, наприклад: <code>ecrire/?exec=vertebres&table=spip_articles</code></multi>','a:1:{i:1;a:3:{s:3:\"nom\";s:14:\"Collectif SPIP\";s:3:\"url\";s:0:\"\";s:4:\"mail\";s:0:\"\";}}','a:1:{i:1;a:2:{s:3:\"nom\";s:19:\"FatCow pour l\'icone\";s:3:\"url\";s:33:\"http://www.fatcow.com/free-icons/\";}}','a:1:{i:1;a:2:{s:3:\"nom\";s:7:\"GNU/GPL\";s:3:\"url\";s:40:\"http://www.gnu.org/licenses/gpl-3.0.html\";}}','','','','','stable',4,'a:3:{s:9:\"necessite\";a:0:{}s:9:\"librairie\";a:0:{}s:7:\"utilise\";a:0:{}}','','0000-00-00 00:00:00','0000-00-00 00:00:00',0,'',0,'0000-00-00 00:00:00','vertebres','','oui','non',1,'','non','non','non','_DIR_PLUGINS_DIST','14c2d9ad2700e1bda81a9a0c502324b7'),(24,24,'CRAYONS','images/crayon-32.png','001.026.011','','[1.9.0;3.1.*]','1.9,2.0,2.1,3.0,3.1','<multi>[ar]هذا الملحق، {{المتوافر للاصدار ١.٩.٢ فقط}} يقدم وظائف تحرير سريعة من في صفحات الموقع العمومي. للاستفادة منه يجب انشاء صفحات نموذجية متوافقة معه.\n\nكما في صفحات الاصدار 1.9.2 النموذجية يكفي ادخال علامة {#EDIT} في كل مكان نريد تحريره. مثلاً، ليصبح العنوان قابل للتحرير:\n_ <code><h1 class=\"#EDIT{titre} علامات اخرى\">#TITRE</h1></code>.[de]Änderungen in öffentlichen Seiten direkt erledigen, Vorausetzung für Wikis mit SPIP[en]Quick editing from the public pages of the site.[es]Modificación rápida desde las páginas públicas del sitio.[fr]Édition rapide depuis les pages publiques du site.[fr_tu]Édition rapide depuis les pages publiques du site.[it]Modifica rapida dalle pagine pubbliche del sito.[nl]Snelle aanpassing vanaf de publieke pagina’s van de site.[oc_ni_mis]Edicioun rapide despì li pàgina publiqui dóu sit.[pt_br]Edição rápida diretamente nas páginas públicas do site.[ru]Позволяет редактировать информацию прямо на сайте, не заходя в административную часть.[sk]Rýchle úpravy z verejne prístupnej stránky.</multi>','a:2:{i:1;a:3:{s:3:\"nom\";s:3:\"Fil\";s:3:\"url\";s:0:\"\";s:4:\"mail\";s:0:\"\";}i:2;a:3:{s:3:\"nom\";s:5:\"toggg\";s:3:\"url\";s:0:\"\";s:4:\"mail\";s:0:\"\";}}','','a:1:{i:1;a:2:{s:3:\"nom\";s:7:\"GNU/GPL\";s:3:\"url\";s:0:\"\";}}','','https://contrib.spip.net/Les-Crayons','','','stable',4,'a:3:{s:9:\"necessite\";a:0:{}s:9:\"librairie\";a:0:{}s:7:\"utilise\";a:0:{}}','','0000-00-00 00:00:00','0000-00-00 00:00:00',0,'',0,'0000-00-00 00:00:00','auto/crayons','','oui','non',1,'','non','non','non','_DIR_PLUGINS','46059bb96e11b1b0b80f6e45856369c0'),(25,25,'OEMBED','prive/themes/spip/images/oembed-32.png','001.008.009','0.4.0','[3.0.0;3.2.*]','3.0,3.1','<multi>[de]oEmbed Client/Provider für SPIP.[en]oEmbed client/provider for SPIP.[es]oEmbed cliente/proveedor para SPIP.[fr]oEmbed client/provider pour SPIP.[sk]Klient/poskytovateľ oEmbedu pre SPIP.</multi>','a:1:{i:1;a:3:{s:3:\"nom\";s:3:\"b_b\";s:3:\"url\";s:0:\"\";s:4:\"mail\";s:0:\"\";}}','','a:1:{i:1;a:2:{s:3:\"nom\";s:5:\"GPL 3\";s:3:\"url\";s:40:\"http://www.gnu.org/licenses/gpl-3.0.html\";}}','','https://contrib.spip.net/4407','','','stable',4,'a:3:{s:9:\"necessite\";a:1:{i:0;a:1:{s:6:\"medias\";a:2:{s:3:\"nom\";s:6:\"medias\";s:13:\"compatibilite\";s:9:\"[2.7.27;]\";}}}s:9:\"librairie\";a:0:{}s:7:\"utilise\";a:1:{i:0;a:1:{s:2:\"tw\";a:2:{s:3:\"nom\";s:2:\"tw\";s:13:\"compatibilite\";s:9:\"[0.8.11;]\";}}}}','','0000-00-00 00:00:00','0000-00-00 00:00:00',0,'',0,'0000-00-00 00:00:00','auto/oembed','','oui','oui',1,'','non','non','non','_DIR_PLUGINS','e11d9207da39586250944a33c5c045a3'),(26,26,'SAISIES','images/logo_saisie_48.png','002.018.019','','[3.0.0;3.2.*]','3.0,3.1','<multi>[ar]يسهّل هذا الملحق إنشاء حقول للاستمارات من خلال توفيره علامة SAISIE#. تتوافق علامات HTML الناتجة مع تسمية الاستمارات \n		المقترحة في SPIP بإصداراته الأحدث من ٢.٠ ومع ملحق الاعدادات CFG.[de]Dieses Plugin erleichtert die Erstellung von Eingabefeldern für Formulare und bietet einen Tag #SAISIE. Das erzeugte HTML ist mit der Nomenklatur der von SPIP > 2.0 und dem Plugin CFG kompatibel.[en]This plugin makes it easier to write form fields by providing a #SAISIE tag. \n		The generated HTML is compatible with the classification of forms\n		proposed by SPIP > 2.0 and with the configuration plugin CFG.[es]Este plugin permite facilitar la redacción de campos de formularios proponiendo una etiqueta #SAISIE. El HTML generado es compatible con la nomenclatura de los formularios propuestos por SPIP > 2.0 y con el plugin de configuración CFG.[fr]Ce plugin permet de faciliter l’écriture de champs de formulaires en proposant une\n		balise #SAISIE. Le HTML généré est compatible avec la nomenclature des formulaires\n		proposée par SPIP > 2.0 et avec le plugin de configuration CFG.[fr_tu]Ce plugin permet de faciliter l’écriture de champs de formulaires en proposant une\n		balise #SAISIE. Le HTML généré est compatible avec la nomenclature des formulaires\n		proposée par SPIP > 2.0 et avec le plugin de configuration CFG.[nl]Deze plugin vereenvoudigt het maken van formuliervelden danzij een code #SAISIE. De gegenereerde HTML is compatibel met die van SPIP formulieren vanaf versie 2.0 en met de configuratie plugin CFG.[pt_br]Este plugin permite facilitar a escrita de campos de formulários, propondo uma tag #SAISIE. O HTML gerado é compatível com a nomenclatura dos formulários propostos pelo SPIP > 2.0 e com o plugin de configuração CFG.[ru]Этот плагин облегчает работу по созданию форм. Вам предоставляется возможность создавать поля (input,textarea) в форме при помощи тега #SAISIE. Полученная форма полностью совместима со стандартом  SPIP 2.0+ и c плагином CFG.[sk]Tento zásuvný modul uľahčuje zápis polí formulára ponúknutím tagu #INPUT. Vytvorený kód HTML je kompatibilný s klasifikáciou formulárov, ktorú ponúka SPIP > 2.0 a so zásuvným modulom na konfiguráciu – CFG.</multi>','a:4:{i:1;a:3:{s:3:\"nom\";s:19:\"Matthieu Marcillaud\";s:3:\"url\";s:44:\"https://contrib.spip.net/Matthieu-Marcillaud\";s:4:\"mail\";s:0:\"\";}i:2;a:3:{s:3:\"nom\";s:13:\"RastaPopoulos\";s:3:\"url\";s:38:\"https://contrib.spip.net/RastaPopoulos\";s:4:\"mail\";s:0:\"\";}i:3;a:3:{s:3:\"nom\";s:6:\"Joseph\";s:3:\"url\";s:31:\"https://contrib.spip.net/Joseph\";s:4:\"mail\";s:0:\"\";}i:4;a:3:{s:3:\"nom\";s:28:\"Les Développements Durables\";s:3:\"url\";s:17:\"http://www.ldd.fr\";s:4:\"mail\";s:0:\"\";}}','','a:1:{i:1;a:2:{s:3:\"nom\";s:7:\"GNU/GPL\";s:3:\"url\";s:0:\"\";}}','','https://contrib.spip.net/Saisies','','','stable',4,'a:3:{s:9:\"necessite\";a:0:{}s:9:\"librairie\";a:0:{}s:7:\"utilise\";a:1:{i:0;a:2:{s:8:\"verifier\";a:2:{s:3:\"nom\";s:8:\"verifier\";s:13:\"compatibilite\";s:8:\"[1.6.0;]\";}s:10:\"spip_bonux\";a:2:{s:3:\"nom\";s:10:\"spip_bonux\";s:13:\"compatibilite\";s:8:\"[3.0.0;]\";}}}}','','0000-00-00 00:00:00','0000-00-00 00:00:00',0,'',0,'0000-00-00 00:00:00','auto/saisies','','oui','non',1,'','non','non','non','_DIR_PLUGINS','c8549ec3334f212d26f2d76da17a9ba6'),(27,27,'CONTACT_LIBRE','images/contact_libre-48.png','000.001.009','','[2.0.6;3.1.99]','2.0,2.1,3.0,3.1','Formulaire de contact libre auquel on peut passer directement une adresse mail et une url de référence (icône de http://www.androidicons.com/).','a:1:{i:0;s:3:\"b_b\";}','','a:1:{i:0;s:3:\"GPL\";}','','https://contrib.spip.net/Formulaire-de-contact-libre','','','stable',4,'a:3:{s:9:\"necessite\";a:0:{}s:9:\"librairie\";a:0:{}s:7:\"utilise\";a:1:{i:0;a:1:{i:0;a:4:{s:3:\"nom\";s:6:\"nospam\";s:2:\"id\";s:6:\"nospam\";s:7:\"version\";s:8:\"[0.8.5;]\";s:13:\"compatibilite\";s:8:\"[0.8.5;]\";}}}}','','0000-00-00 00:00:00','0000-00-00 00:00:00',0,'',0,'0000-00-00 00:00:00','auto/contact_libre_v0','','oui','non',1,'','non','non','non','_DIR_PLUGINS','11520746d87e871781184a2e1cbfd677'),(28,28,'MENUDER','images/icon.png','002.003.001','0.1.0','[3.0.0;3.1.*]','3.0,3.1','<multi>[fr]Menu déroulant dynamique full CSS, qui plonge en profondeur, sans limitation de niveaux de hiérarchie.</multi>','a:2:{i:1;a:3:{s:3:\"nom\";s:22:\"cedric@notre-ville.net\";s:3:\"url\";s:26:\"http://www.notre-ville.net\";s:4:\"mail\";s:0:\"\";}i:2;a:3:{s:3:\"nom\";s:4:\"Maat\";s:3:\"url\";s:19:\"http://www.maat.me/\";s:4:\"mail\";s:0:\"\";}}','','a:1:{i:1;a:2:{s:3:\"nom\";s:11:\"GNU/GPL 3.0\";s:3:\"url\";s:40:\"http://www.gnu.org/licenses/gpl-3.0.html\";}}','','https://contrib.spip.net/?article3804','','','test',3,'a:3:{s:9:\"necessite\";a:0:{}s:9:\"librairie\";a:0:{}s:7:\"utilise\";a:0:{}}','','0000-00-00 00:00:00','0000-00-00 00:00:00',0,'',0,'0000-00-00 00:00:00','auto/menuder','','non','non',1,'','non','non','non','_DIR_PLUGINS','5a6d512d4b5920f5188453ec3d81a213'),(29,29,'JAPIBAS','japibas-logo.png','001.000.001','','[3.0.0;3.1.*]','3.0,3.1','<multi>[fr]Japibas est un jeu de squelettes multilingues (français, anglais et espagnol) qui s\'inspire du template Wordpress du même nom.\n	Son habillage convient à un blog ou un webzine.</multi>','a:1:{i:1;a:3:{s:3:\"nom\";s:4:\"AMBG\";s:3:\"url\";s:0:\"\";s:4:\"mail\";s:20:\"amdgaye AT gmail.com\";}}','','a:1:{i:1;a:2:{s:3:\"nom\";s:7:\"GNU/GLP\";s:3:\"url\";s:40:\"http://www.gnu.org/licenses/gpl-3.0.html\";}}','','https://contrib.spip.net/spip.php?article4440','http://wpthemes.jayj.dk/japibas/','','stable',4,'a:3:{s:9:\"necessite\";a:0:{}s:9:\"librairie\";a:0:{}s:7:\"utilise\";a:1:{i:0;a:3:{s:7:\"menuder\";a:2:{s:3:\"nom\";s:7:\"menuder\";s:13:\"compatibilite\";s:8:\"[2.3.0;]\";}s:5:\"forum\";a:2:{s:3:\"nom\";s:5:\"forum\";s:13:\"compatibilite\";s:9:\"[1.8.21;[\";}s:6:\"medias\";a:2:{s:3:\"nom\";s:6:\"medias\";s:13:\"compatibilite\";s:9:\"[2.7.45;[\";}}}}','','0000-00-00 00:00:00','0000-00-00 00:00:00',0,'',0,'0000-00-00 00:00:00','auto/japibas','','non','non',0,'','non','non','non','_DIR_PLUGINS','7607c31783164a919d7151bbaf33af0d'),(30,30,'CURALICIOUS','prive/themes/spip/images/curalicious.png','000.001.009','','[3.0.0;3.1.*]','3.0,3.1','','a:1:{i:1;a:3:{s:3:\"nom\";s:6:\"ydikoi\";s:3:\"url\";s:31:\"https://contrib.spip.net/ydikoi\";s:4:\"mail\";s:0:\"\";}}','','a:1:{i:1;a:2:{s:3:\"nom\";s:5:\"GPL 3\";s:3:\"url\";s:40:\"http://www.gnu.org/licenses/gpl-3.0.html\";}}','','https://contrib.spip.net/article4795','','','test',3,'a:3:{s:9:\"necessite\";a:1:{i:0;a:2:{s:10:\"socialtags\";a:2:{s:3:\"nom\";s:10:\"socialtags\";s:13:\"compatibilite\";s:13:\"[1.0.0;1.*.*]\";}s:7:\"menuder\";a:2:{s:3:\"nom\";s:7:\"menuder\";s:13:\"compatibilite\";s:13:\"[2.3.0;2.3.*]\";}}}s:9:\"librairie\";a:0:{}s:7:\"utilise\";a:0:{}}','','0000-00-00 00:00:00','0000-00-00 00:00:00',0,'',0,'0000-00-00 00:00:00','auto/curialicious','','non','non',0,'','non','non','non','_DIR_PLUGINS','0aa624d6485468136a059dc2870b8fbb'),(31,31,'SOCIALTAGS','prive/themes/spip/images/socialtags-32.png','001.001.000','','[2.0.10;3.1.*]','2.0,2.1,3.0,3.1','<multi>[en]The Social Tags plugin allows you to add icons to share links to websites like Digg, Facebook, Delicious...\nIn addition, if the Google+ 1 plugin is active, it’s possible to add the button in the list of links in Social tags. \nIt also offers configurable nuts to display badges and \"Like\" box on Facebook.[es]El plugin Social Tags permite añadir iconos de compartir enlaces a los sitios como Digg, Facebook, Delicious...\nPor otro lado, si el plugin Google+1 está activo, se puede agregar el botón correspondiente en la lista de los enlaces de liens de Social tags. Propone asimismo nueces configurables que permiten mostrar botones y cajas del tipo \"Me gusta\" de Facebook.[fr]Le plugin Social Tags permet d’ajouter des icônes de partage de liens vers les sites tels que Digg, Facebook, Delicious...\nEn outre, si le plugin Google+1 est actif, il est possible de rajouter le bouton correspondant dans la liste des liens de Social tags. Il propose également des noisettes paramétrables permettant d’afficher les badges et boites de type \"J’aime\" de Facebook.[nl]Met plugin Social Tags kun je iconen toevoegen om links te delen op sites als Digg, Facebook, Delicious...\nWanneer je plugin Google+1 hebt geactiveerd, kan ook hiervoor een knop aan de lijst van Social tags worden toegevoegd.\nBovendien kun je met deze plugin Facebook badges en een \"Like\" box opnemen.[pt_br]O plugin Social Tags permite incluir ícones de compartilhamento de links em sites como Digg, Facebook, Delicious...\nAlém disso, se o plugin Google+1 estiver ativo, é possível incluir o botão correspondente na lista de links do Social tags. Oferece igualmente snippets configuráveis que permitem exibir os badges e boxes do tipo \"Curtir\" de Facebook.</multi>','a:1:{i:1;a:3:{s:3:\"nom\";s:4:\"phil\";s:3:\"url\";s:0:\"\";s:4:\"mail\";s:0:\"\";}}','','','','https://contrib.spip.net/Social-tags','','','stable',4,'a:3:{s:9:\"necessite\";a:0:{}s:9:\"librairie\";a:0:{}s:7:\"utilise\";a:0:{}}','','0000-00-00 00:00:00','0000-00-00 00:00:00',0,'',0,'0000-00-00 00:00:00','auto/socialtags','','non','non',1,'','non','non','non','_DIR_PLUGINS','09918c2b270f689d7f0a69b595229a3c');

/*Table structure for table `spip_petitions` */

CREATE TABLE `spip_petitions` (
  `id_petition` bigint(21) NOT NULL AUTO_INCREMENT,
  `id_article` bigint(21) NOT NULL DEFAULT '0',
  `email_unique` char(3) NOT NULL DEFAULT '',
  `site_obli` char(3) NOT NULL DEFAULT '',
  `site_unique` char(3) NOT NULL DEFAULT '',
  `message` char(3) NOT NULL DEFAULT '',
  `texte` longtext NOT NULL,
  `statut` varchar(10) NOT NULL DEFAULT 'publie',
  `maj` timestamp NULL DEFAULT NULL,
  PRIMARY KEY (`id_petition`),
  UNIQUE KEY `id_article` (`id_article`)
) ENGINE=MyISAM AUTO_INCREMENT=2 DEFAULT CHARSET=utf8;

/*Data for the table `spip_petitions` */

insert  into `spip_petitions`(`id_petition`,`id_article`,`email_unique`,`site_obli`,`site_unique`,`message`,`texte`,`statut`,`maj`) values (1,3,'oui','non','non','non','pétition de l\'article','publie',NULL);

/*Table structure for table `spip_plugins` */

CREATE TABLE `spip_plugins` (
  `id_plugin` bigint(21) NOT NULL AUTO_INCREMENT,
  `prefixe` varchar(30) NOT NULL DEFAULT '',
  `nom` text NOT NULL,
  `slogan` text NOT NULL,
  `categorie` varchar(100) NOT NULL DEFAULT '',
  `tags` text NOT NULL,
  `vmax` varchar(24) NOT NULL DEFAULT '',
  `date_crea` datetime NOT NULL DEFAULT '0000-00-00 00:00:00',
  `date_modif` datetime NOT NULL DEFAULT '0000-00-00 00:00:00',
  `compatibilite_spip` varchar(24) NOT NULL DEFAULT '',
  `branches_spip` varchar(255) NOT NULL DEFAULT '',
  PRIMARY KEY (`id_plugin`),
  KEY `prefixe` (`prefixe`)
) ENGINE=MyISAM AUTO_INCREMENT=32 DEFAULT CHARSET=utf8;

/*Data for the table `spip_plugins` */

insert  into `spip_plugins`(`id_plugin`,`prefixe`,`nom`,`slogan`,`categorie`,`tags`,`vmax`,`date_crea`,`date_modif`,`compatibilite_spip`,`branches_spip`) values (1,'BREVES','Brèves','<multi>[ar]إدارة الأخبار في SPIP[br]Ardeiñ ar pennadoù-berr e-barzh SPIP[de]Meldungen in  SPIP verwalten[en]Management of news items in SPIP[eo]Mastrumado de fulm-informoj en SPIP[es]Gestión de los breves en SPIP[fa]مديريت خبرها در اسپيپ[fr]Gestion des brèves dans SPIP[fr_fem]Gestion des brèves dans SPIP[fr_tu]Gestion des brèves dans SPIP[it]Gestione delle brevi in SPIP[lb]Gestioun vun de Kuerzmeldungen am SPIP[nl]Beheer van nieuwsberichten in SPIP[oc_ni_mis]Gestioun dei brèva en SPIP[pt]Gestão das notícias em SPIP[pt_br]Gerenciamento de notas no SPIP[ru]Настройки ленты новостей[sk]Správa noviniek v SPIPe[uk]Налаштування стрічки новин</multi>','edition','','','0000-00-00 00:00:00','0000-00-00 00:00:00','',''),(2,'COMPAGNON','<multi>[ar]الرفيق[de]Begleiter[en]Companion[eo]Kompano[es]Compañero[fa]همراه[fr]Compagnon[fr_fem]Compagnon[fr_tu]Compagnon[it]Assistente[lb]Compagnon[nl]Metgezel[oc_ni_mis]Coumpàgnou[pt]Guia[pt_br]Companheiro[ru]Помощник (Companion)[sk]Compagnon[uk]Помічник (Companion)</multi>','<multi>[ar]مرافق الخطوات الأولى في SPIP[de]Assistent für die ersten Schritte mit SPIP[en]First steps wizard with SPIP[eo]Helpanto por SPIP-komencantoj[es]Asistente para dar los primeros pasos con SPIP[fa]همراه اول با اسپيپ نيست[fr]Assistant de premiers pas avec SPIP[fr_fem]Assistant de premiers pas avec SPIP[fr_tu]Assistant de premiers pas avec SPIP[it]Assistente per il primo utilizzo di SPIP[lb]Assistent fir déi éischt Schrëtt mat SPIP[nl]Assistent van de eerste steppen met SPIP[oc_ni_mis]Assistant de premié pas embé SPIP[pt]Assistente de iniciação a SPIP[pt_br]Assistente de primeiros passos do SPIP[ru]Начальная помощь при работе со SPIP[sk]Sprievodca pri prvých krokoch so SPIPom[uk]Допомога на початку роботи зі SPIP</multi>','divers','','','0000-00-00 00:00:00','0000-00-00 00:00:00','',''),(3,'COMPRESSEUR','Compresseur','<multi>[ar]ضغط أوراق الأنماط ورموز جافاسكريبت[de]Kompression von CSS und Javascript-Code[en]CSS and javascript compression[eo]Densigo css kaj javascript[es]Compresión de css y javascript[fa]فشرده سازي سي.اس.اس‌ها و جاوااسكريبت[fr]Compression des css et javascript[fr_fem]Compression des css et javascript[fr_tu]Compression des css et javascript[it]Compressione di CSS e javascript[lb]Compressioun vun CSS a Javascript[nl]Compressie van CSS en JavaScript[oc_ni_mis]Coumpressioun dei css e javascript[pt]Compressão de css e javascript[pt_br]Compressão dos css e javascript[ru]Плагин для сжатия CSS и Javascript файлов[sk]Kompresia css a javascriptu[uk]Плагін для стискання CSS та Javascript файлів</multi>','performance','','','0000-00-00 00:00:00','0000-00-00 00:00:00','',''),(4,'DUMP','Dump','<multi>[ar]نسخ احتياطي لقاعدة بيانات SPIP واسترجاعها[de]Sicherung und Wiederherstellung der  SPIP-Datenbank[en]Backup and restore database SPIP[eo]Savkopio kaj restaŭro de la datumbazo SPIP[es]Copia de seguridad y recuperación de la base de datos de SPIP[fa]بك‌آپ و ذخيره سازي پايگاه داده‌‌هاي اسپيپ[fr]Sauvegarde et restauration de la base SPIP[fr_fem]Sauvegarde et restauration de la base de données SPIP[fr_tu]Sauvegarde et restauration de la base SPIP[it]Backup e ripristino del database di SPIP[lb]Backup an Zeréckspillen vun der SPIP-Datebank[nl]Back-up en restauratie van de SPIP database[oc_ni_mis]Sauvagarda e restauramen de la basa SPIP[pt]Cópia de segurança e restauro da base de dados SPIP[pt_br]Cópia de segurança e restauro da base SPIP[ru]Резервное копирование[sk]Záloha a obnovenie databázy SPIPu[uk]Резервне копіювання і відновлення бази SPIP</multi>','maintenance','','','0000-00-00 00:00:00','0000-00-00 00:00:00','',''),(5,'IMAGES','Images','<multi>[ar]مرشحات معالجة الصور والألوان[de]Bild- und Farbfilter[en]Images processing and colors filters[es]Filtros de transformación de imágenes y de colores[fa]فيلترهاي پردازش تصوير‌ها و رنگ‌ها[fr]Filtres de transformation d’images et de couleurs[fr_fem]Filtres de transformation d’images et de couleurs[fr_tu]Filtres de transformation d’images et de couleurs[it]Filtri di trasformazione delle immagini e dei colori[lb]Ännerungs-Filteren fir d’Biller an d’Faarwen[nl]Beeld en kleur transformatie filters[oc_ni_mis]Filtre de trasfourmacioun d’image e de coulou[pt]Processamento de imagens e filtros de cores[pt_br]Filtros de transformação de imagens e de cores[ru]Набор фильтров по работе с изображениями[sk]Filtre na transformáciu obrázkov a farieb[uk]Фільтри для обробки зображень і роботи з кольорами</multi>','multimedia','','','0000-00-00 00:00:00','0000-00-00 00:00:00','',''),(6,'FORUM','Forum','<multi>[ar]إدارة المنتديات الخاصة والعمومي في SPIP[de]Verwaltung der privaten und öffentlichen SPIP-Foren[en]Management of private and public forums in SPIP[es]Administración de los foros privados y públicos en SPIP[fa]مديريت سخنگاه‌هاي خصوصي و همگاني در اسپيپ[fr]Gestion des forums privés et publics dans SPIP[fr_fem]Gestion des forums privés et publics dans SPIP[fr_tu]Gestion des forums privés et publics dans SPIP[it]Gestione dei forum privati e pubblici di SPIP[lb]Beaarbechte vun de privaten an ëffentleche Forumen am SPIP[nl]Beheer van de private en openbare SPIP fora[oc_ni_mis]Gestioun dei fòrou privat e pùblicou en SPIP[pt]Gestião dos fóruns públicos e privados em SPIP[pt_br]Gerenciamento dos fóruns privados e públicos do SPIP[ru]Управление форумами и комментариями[sk]Riadenie súkromných aj verejných diskusných fór v SPIPe[uk]Управління загальними і редакційними форумами у SPIP</multi>','communication','','','0000-00-00 00:00:00','0000-00-00 00:00:00','',''),(7,'JQUERYUI','jQuery UI','<multi>[ar]إنتاج الحركة والمؤثرات وتوسيع أدواة jQuery[de]Animationen, Effekte und Widgets für jQuery[en]Animations, effects and jQuery widgets[es]Animaciones, efectos y widgets jQuery[fr]Animations, effets et widgets jQuery[fr_fem]Animations, effets et widgets jQuery[fr_tu]Animations, effets et widgets jQuery[it]Animazioni, effetti e widget jQuery[lb]jQuery Animatiounen, Effekter a Widgets[nl]jQuery Animatie, effecten en widgets[oc_ni_mis]Animacioun, efet e widget jQuery[pt]Animações, efeitos e widgets jQuery[pt_br]Animações, efeitos e widgets jQuery[ru]Анимация, эффекты и плагины jQuery[sk]Animácie, efekty a widgety jQuery[uk]Анімація, ефекти і плагіни jQuery</multi>','outil','','','0000-00-00 00:00:00','0000-00-00 00:00:00','',''),(8,'MEDIABOX','<multi>[ar]صندوق الفرجة[de]MediaBox[en]MediaBox[es]MediaBox[fa]مدياباكس[fr]MediaBox[fr_fem]MediaBox[fr_tu]MediaBox[it]MediaBox[lb]MediaBox[nl]MediaBox[oc_ni_mis]MediaBox[pt]MediaBox[pt_br]MediaBox[ru]MediaBox[sk]Multimediálny box[uk]MediaBox</multi>','<multi>[ar]صندوق الفرجة[de]Multimedia-Box[en]Media box[es]Caja multimedia[fa]صندوق چندرسانه‌اي[fr]Boîte multimédia[fr_fem]Boîte multimédia[fr_tu]Boîte multimédia[it]Media box[lb]Mediabox[nl]Multimedia Box[oc_ni_mis]Bouòta multimedia[pt]Media box[pt_br]Caixa multimedia[ru]Медиабокс[sk]Multimediálny box[uk]Медіабокс</multi>','multimedia','','','0000-00-00 00:00:00','0000-00-00 00:00:00','',''),(9,'MEDIAS','Medias','<multi>[ar]أدارة الوسائط المتعددة في SPIP[de]Medienverwaltung in  SPIP[en]SPIP’s media management[es]Gestión de documentos multimedia en SPIP[fa]مديريت رسانه‌ها دراسپيپ[fr]Gestion des médias dans SPIP[fr_fem]Gestion des médias dans SPIP[fr_tu]Gestion des médias dans SPIP[it]Gestione dei media di SPIP[lb]Gestioun vun de Medien am SPIP[nl]Beheer van de digitale documenten in SPIP[oc_ni_mis]Gestioun dei media en SPIP[pt]Gestão multimédia de SPIP[pt_br]Gerenciamento de mídias do SPIP[ru]Управление медиа файлами[sk]Správa multimédií v SPIPe[uk]Управління медіа-файлами</multi>','multimedia','','','0000-00-00 00:00:00','0000-00-00 00:00:00','',''),(10,'MOTS','Mots','<multi>[ar]إدارة المفاتيح ومجموعات المفاتيح في SPIP[de]Verwaltung von Schlagworten und Schlagwortgruppen mit  SPIP[en]Management of keywords and keywords groups in SPIP[es]Administración de las palabras clave y los grupos de palabras clave en SPIP[fa]مديريت واژه‌ها و گروه‌واژه‌ها در اسپيپ[fr]Gestion des mots et groupes de mots dans SPIP[fr_fem]Gestion des mots-clef et groupes de mots-clef dans SPIP[fr_tu]Gestion des mots et groupes de mots dans SPIP[it]Gestione delle parole e dei gruppi di parole di SPIP[lb]Gestioun vun de Schlësselwierder a Gruppen am SPIP[nl]Beheer van trefwoorden en groepen van trefwoorden in SPIP[oc_ni_mis]Gestioun dei mot e group de mot en SPIP[pt]Gestão de palavras e grupos de palavras em SPIP[pt_br]Gerenciamento de palavras-chave e grupos de palavras chave do SPIP[ru]Настройка ключей и групп ключей в SPIP[sk]Riadenie kľúčových slov a skupín kľúčových slov v SPIPe[uk]Управління ключами та їх групами в SPIP</multi>','edition','','','0000-00-00 00:00:00','0000-00-00 00:00:00','',''),(11,'ORGANISEUR','Organiseur','<multi>[ar]أدوات عمل تحريري جماعي[de]Werkzeuge für eine Online-Redaktion[en]Collaborative editorial working tools[es]Herramientas de trabajo editorial en grupo[fa]ابزارهاي كار گروه سردبيري[fr]Outils de travail éditorial en groupe[fr_fem]Outils de travail éditorial en groupe[fr_tu]Outils de travail éditorial en groupe[it]Strumenti per il lavoro editoriale in gruppo[lb]Gruppenaarbecht[nl]Samenwerking- en werkinstrument voor de redacteurs[oc_ni_mis]Óutis de travai editourial éditorial en group[pt]Ferramentas de trabalho editorial em grupo[pt_br]Utilitário para trabalho editorial em grupo[ru]Организация совместной работы[sk]Nástroje na redakčnú prácu v skupine[uk]Організація спільної роботи</multi>','date','','','0000-00-00 00:00:00','0000-00-00 00:00:00','',''),(12,'PETITIONS','Pétitions','<multi>[ar]إدارة العرائض في SPIP[de]Verwaltung von Petitionen mit SPIP[en]Petitions management in SPIP[es]Administración de las peticiones en SPIP[fa]مديريت طومارها در اسپيپ[fr]Gestion des pétitions dans SPIP[fr_fem]Gestion des pétitions dans SPIP[fr_tu]Gestion des pétitions dans SPIP[it]Gestione delle petizioni di SPIP[nl]Beheer van petities in SPIP[oc_ni_mis]Gestioun dei peticioun en SPIP[pt]Gestão das petições em SPIP[pt_br]Gerenciamento de petições do SPIP[ru]Модуль сбора подписей для SPIP[sk]Správa petícií v SPIPe[uk]Управління петиціями у SPIP</multi>','communication','','','0000-00-00 00:00:00','0000-00-00 00:00:00','',''),(13,'PLAN','<multi>[fr]Plan du site dans l’espace privé</multi>','<multi>[fr]Améliore la page plan du site de l’espace privé</multi>','navigation','','','0000-00-00 00:00:00','0000-00-00 00:00:00','',''),(14,'PORTE_PLUME','<multi>[ar]الريشة[de]Federhalter[en]Quill[es]Porta pluma[fa]چوب قلم[fr]Porte plume[fr_fem]Porte plume[fr_tu]Porte plume[it]Portapenne[nl]Penhouder[oc_ni_mis]Pouòrta-pluma[pt]Pena[pt_br]Porte plume[ru]Панель инструментов (Porte plume)[sk]Porte plume[uk]Панель інструментів (Porte plume)</multi>','<multi>[ar]شريط أدوات لتحسين الكتابة[de]Eine Menüleiste zum Formatieren der Texte[en]A toolbar to enhance your texts[es]Una barra de herramientas para escribir bien[fa]نوار ابزاري براي بهترنويسي[fr]Une barre d’outils pour bien écrire[fr_fem]Une barre d’outils pour bien écrire[fr_tu]Une barre d’outils pour bien écrire[it]Una barra degli strumenti per scrivere bene[nl]Een penhouder om mooi te schrijven[oc_ni_mis]Una Barra d’óutis da ben escriéure[pt]Uma barra de ferramentas para abrilhantar os seus textos[pt_br]Barre de ferramentas para edição de texto[ru]Дополнительные возможности для текстового редактора[sk]Panel s nástrojmi, vďaka ktorému môžete vylepšiť svoje texty[uk]Додаткові можливості для текстового редактора</multi>','edition','','','0000-00-00 00:00:00','0000-00-00 00:00:00','',''),(15,'REVISIONS','Révisions','<multi>[ar]متابعة التغييرات في العناصر التحريرية[de]Änderungen von redaktionellen Inhalten nachvollziehen[en]Tracking changes of editorial objects[es]Seguimiento de las modificaciones de los objetos editoriales[fa]پيگيري اصلاحات موضوع‌هاي سردبيري[fr]Suivi des modifications des objets éditoriaux[fr_fem]Suivi des modifications des objets éditoriaux[fr_tu]Suivi des modifications des objets éditoriaux[it]Il rilevamento delle revisioni sugli oggetti editoriali[lb]Verwaltung vun de Versiounen vun den Objekter[nl]Revisies laat je toe de  veranderingen van de editorialen objecten zien en volgen.[oc_ni_mis]Seguit dei moudificacioun dei ouget editourial[pt]Seguimento das modificações dos objectos editoriais[pt_br]Acompanhamento das alterações dos objetos editoriais[ru]История изменений[sk]Sledovanie zmien redakčných objektov[uk]Історія змін</multi>','edition','','','0000-00-00 00:00:00','0000-00-00 00:00:00','',''),(16,'SAFEHTML','SafeHTML','<multi>[ar]حماية المنتديات من الأوامرالعابرة للمواقع[de]Schutz der Foren gegen cross-site scripting Attacken[en]Forums protection against cross-site scripting[es]Protección de los foros contra el cross-site scripting[fr]Protection des forums contre le cross-site scripting[fr_fem]Protection des forums contre le cross-site scripting[fr_tu]Protection des forums contre le cross-site scripting[it]Protezione del forum contro gli attacchi di tipo cross-site scripting[nl]Bescherming van forums tegen cross-site scripting[oc_ni_mis]Proutecioun dei fòrou countra lou cross-site scripting[pt]Protecção dos fóruns contra o cross-site scripting[pt_br]Proteção dos foruns contra cross-site scripting[ru]Защищает форму комментариев от межсайтового скриптинга (XSS)[sk]Ochrana diskusných fór pred útokmi, ako cross-site scripting[uk]Захищає форуми від міжсайтового скриптингу (XSS)</multi>','performance','','','0000-00-00 00:00:00','0000-00-00 00:00:00','',''),(17,'SITES','Sites','<multi>[ar]إدارة المواقع والترخيص في SPIP[de]Verwaltung verlinkter und syndizierter Websites mit  SPIP[en]Management of sites and syndication in SPIP[es]Administración de los sitios y de la sindicación en SPIP[fa]مديريت سايت‌ها و مشترك‌سازي در اسپيپ[fr]Gestion des sites et de la syndication dans SPIP[fr_fem]Gestion des sites et de la syndication dans SPIP[fr_tu]Gestion des sites et de la syndication dans SPIP[it]Gestione dei siti e syndication in SPIP[lb]Gestioun vun de Websäiten a Syndicatioun am SPIP[nl]Beheer van de sites en van de Websyndicatie in SPIP[oc_ni_mis]Gestioun dei sit e de la sindicacioun en SPIP[pt]Gestão dos sítios e da vinculação em SPIP[pt_br]Gerenciamento de sites e da sindicação do SPIP[ru]Подключение других сайтов по RSS[sk]Riadenie stránok a syndikácie v SPIPe[uk]Підключення інших сайтів по RSS</multi>','edition','','','0000-00-00 00:00:00','0000-00-00 00:00:00','',''),(18,'SQUELETTES_PAR_RUBRIQUE','Squelettes par Rubrique','<multi>[ar]دعم الصفحات النموذجية ذات اللواحق في SPIP[de]Unterstützung von Skeletten mit Namenszusatz in SPIP[en]Support of suffixed templates in SPIP[es]Implementación de esqueletos con sufijos de SPIP[fa]پشتيباني از اسكليت‌هاي  پسوندي در اسپيپ[fr]Support des squelettes suffixés dans SPIP[fr_fem]Support des squelettes suffixés dans SPIP[fr_tu]Support des squelettes suffixés dans SPIP[it]Supporto di modelli con suffisso in SPIP[lb]Ënnerstëtzung fir Skeletter mat Suffix am SPIP[nl]Ondersteuning van suffix ingewijden skeletten in SPIP[oc_ni_mis]Supouòrt dei esquèletrou sufissat en SPIP[pt]Apoio de modelos com sufixo em SPIP[pt_br]Suporte aos gabaritos com sufixo do SPIP[ru]Номерные шаблоны для SPIP[sk]Podpora pripojených šablón v SPIPe[uk]Шаблони за номерами для SPIP</multi>','outil','','','0000-00-00 00:00:00','0000-00-00 00:00:00','',''),(19,'STATS','<multi>[ar]الإحصاءات[de]Estadísticas[en]Statistics[es]Estadísticas[fa]آمارها[fr]Statistiques[fr_fem]Statistiques[fr_tu]Statistiques[it]Statistiche[lb]Statistiken[nl]Statistieken[oc_ni_mis]Estatìstica[pt]Estatísticas[pt_br]Estatísticas[ru]Статистика[sk]Štatistiky[uk]Статистика</multi>','<multi>[ar]إدارة الإحصاءات في SPIP[de]Administración de las estadísticas de SPIP[en]Statistics management in SPIP[es]Administración de las estadísticas de SPIP[fa]مديريت آمارها در اسپيپ[fr]Gestion des statistiques dans SPIP[fr_fem]Gestion des statistiques dans SPIP[fr_tu]Gestion des statistiques dans SPIP[it]Gestione delle statistiche di SPIP[lb]Verwalte vun de SPIP-Statistiken[nl]Beheer van de bezoekenstatistieken in SPIP[oc_ni_mis]Gestioun dei estatìstica en SPIP[pt]Gerir as estatísticas em SPIP[pt_br]Gerenciamento das estatísticas do SPIP[ru]Плагин по учету статистики посещений вашего сайта[sk]Správa štatistík v SPIPe[uk]Плагін з обліку статистики відвідувань вашого сайту</multi>','statistique','','','0000-00-00 00:00:00','0000-00-00 00:00:00','',''),(20,'SVP','SVP','<multi>[ar]خادم معلومات الملحقات وتحميلها[de]Informations- und Download-Server für Plugins[en]Information and download server of plugins[es]Servidor de información y descarga de plugins[fa]سرور اطلاعات و بارگذاري پلاگين‌ها[fr]SerVeur d’information et de téléchargement des Plugins[fr_fem]SerVeur d’information et de téléchargement des Plugins[fr_tu]SerVeur d’information et de téléchargement des Plugins[it]Informazioni e server per il download dei plugin[nl]SerVer voor informatie en downloaden van Plugins[oc_ni_mis]SerVidou d’infourmacion e de telechargamen dei Plugin[pt]Servidor de informação e download de Plugins[pt_br]SerVidor de informações e transferência de Plugins[ru]Управление плагинами[sk]Server na zisťovanie informácií o zásuvných moduloch a ich sťahovanie[uk]Інформація про сервер для завантаження плагінів</multi>','maintenance','','','0000-00-00 00:00:00','0000-00-00 00:00:00','',''),(21,'TW','TextWheel pour SPIP','<multi>[ar]إدارة الكتابة في SPIP بواسطة TextWheel[de]Typographie in SPIP mit TextWheel steuern[en]Management of SPIP typography with TextWheel[es]Administración de la tipografía SPIP con TextWheel[fa]مديريت حروف‌نگاري در اسپيپ با چرخ‌نويس[fr]Gestion de la typographie SPIP avec TextWheel[fr_fem]Gestion de la typographie SPIP avec TextWheel[fr_tu]Gestion de la typographie SPIP avec TextWheel[it]Gestione della tipografia di SPIP con TextWheel[lb]Verwalte vun der SPIP-Typografie mat TextWheel[nl]Beheer van de SPIP typografie dank zij TextWheel[oc_ni_mis]Gestioun de la tipougrafìa SPIP embé TextWheel[pt]Gestão da tipografia SPIP com TextWheel[pt_br]Gerenciamento da tipografia do SPIP com TextWheel[ru]Управлять оформлением SPIP c помощью TextWheel[sk]Správa typografie SPIPu s modulom TextWheel[uk]Управляти оформленням SPIP за допомогою TextWheel</multi>','edition','','','0000-00-00 00:00:00','0000-00-00 00:00:00','',''),(22,'URLS','Urls Etendues','<multi>[ar]إدارة تنوعات عناوين URL ذات المعنى ام لا[de]Verwaltung von URL-Varianten[en]Management of the URL variants, meaningful or not[es]Gestión de las variantes de URL significativas o no[fa]مديريت يو.آر.ال‌هاي مهم يا غيرمهم[fr]Gestion des variantes d’URL signifiantes ou non[fr_fem]Gestion des variantes d’URL signifiantes ou non[fr_tu]Gestion des variantes d’URL signifiantes ou non[it]Gestione delle varianti significative URL, o non[nl]Beheer van de URL varianten (betekenisdragend of niet)[oc_ni_mis]Gestioun dei varianti d’URL significanti o noun[pt_br]Gerenciamento das variantes de URLs significantes ou não[ru]SEO-friendly URLs (ЧПУ ссылки)[sk]Riadenie variantov URL, či už sémantických, alebo nie[uk]SEO-friendly URLs (ЧПУ посилання)</multi>','statistique','','','0000-00-00 00:00:00','0000-00-00 00:00:00','',''),(23,'VERTEBRES','<multi>[ar]الفقرات[de]Wirbelsäule[en]Vertebrae[es]Vértebras[fa]فقرات[fr]Vertèbres[fr_fem]Vertèbres[fr_tu]Vertèbres[it]Vertèbres[lb]Vertèbres[nl]Wervels[oc_ni_mis]Vertèbra[pt_br]Vértebras[ru]Просмотр SQL таблиц[sk]Vertèbres[uk]Перегляд SQL таблиць</multi>','<multi>[ar]قارئ جداول SQL[de]SQL Tabellen lesen[en]SQL tables reader[es]Lector de tablas SQL[fa]خواندن جدول‌هاي اس.كيو.ال[fr]Lecteur de tables SQL[fr_fem]Lecteur de tables SQL[fr_tu]Lecteur de tables SQL[it]Lettore di tabelle SQL[lb]Lieser vir SQL-Tafelen[nl]Een SQL-tabels lezer[oc_ni_mis]Letour de taula SQL[pt_br]Leitor de tabelas SQL[ru]Просмотр SQL таблиц[sk]Čítanie tabuliek SQL[uk]Перегляд SQL таблиць</multi>','outil','','','0000-00-00 00:00:00','0000-00-00 00:00:00','',''),(24,'CRAYONS','<multi>[ar]القلم[de]Der Stift[en]Pencils[es]Lápices[fr]Crayons[fr_tu]Crayons[it]Pennarelli[nl]Krijtjes[oc_ni_mis]Creioun[pt_br]Crayons[ru]Карандаш (Crayons)[sk]Farbičky</multi>','<multi>[ar]هذا الملحق، {{المتوافر للاصدار ١[de]Änderungen in öffentlichen Seiten direkt erledigen, Vorausetzung für Wikis mit SPIP[en]Quick editing from the public pages of the site[es]Edición rápida desde las páginas publicas del sitio[fr]Édition rapide depuis les pages publiques du site[fr_tu]Édition rapide depuis les pages publiques du site[it]Modifica rapida dalle pagine pubbliche del sito[nl]Snel bewerken vanaf de publieke pagina’s van de site.[oc_ni_mis]Edicioun rapide despì li pàgina publiqui dóu sit[pt_br]Edição rápida diretamente nas páginas públicas do site[ru]Позволяет редактировать информацию прямо на сайте, не заходя в административную часть[sk]Rýchle úpravy z verejne prístupnej stránky.</multi>','edition','','','0000-00-00 00:00:00','0000-00-00 00:00:00','',''),(25,'OEMBED','oEmbed','<multi>[de]oEmbed Client/Provider für SPIP[en]oEmbed client/provider for SPIP[es]oEmbed cliente/proveedor para SPIP[fr]oEmbed client/provider pour SPIP[sk]Klient/poskytovateľ oEmbedu pre SPIP</multi>','multimedia','','','0000-00-00 00:00:00','0000-00-00 00:00:00','',''),(26,'SAISIES','<multi>[ar]إدخال للاستمارات[de]Eingabefelder für Formulare[en]Entries for forms[es]Entradas para formularios[fr]Saisies pour formulaires[fr_tu]Saisies pour formulaires[nl]Saisies (Invoer) voor formulieren[pt_br]Entradas para formulários[ru]Поля для форм (saises)[sk]Vstupy pre formuláre</multi>','<multi>[ar]إنشاء حقول استمارات بسهولة[de]Unkompliziertes Erstellen von Eingabefeldern für Formulare.[en]Create easily forms fields.[es]Escribir fácilmente los campos de formularios.[fr]Écrire facilement des champs de formulaires.[fr_tu]Écrire facilement des champs de formulaires.[nl]Eenvoudig formuliervelden maken.[pt_br]Facilitar a entrada de dados em campos de formulários.[ru]Упрощение работы по созданию форм[sk]Jednoduchý zápis polí formulárov.</multi>','outil','','','0000-00-00 00:00:00','0000-00-00 00:00:00','',''),(27,'CONTACT_LIBRE','Contact libre','Formulaire de contact libre','communication','','','0000-00-00 00:00:00','0000-00-00 00:00:00','',''),(28,'MENUDER','<multi>[fr]Menu déroulant</multi>','','navigation','','','0000-00-00 00:00:00','0000-00-00 00:00:00','',''),(29,'JAPIBAS','Japibas','<multi>[fr]Squelette multilingue pour blog ou webzine</multi>','squelette','','','0000-00-00 00:00:00','0000-00-00 00:00:00','',''),(30,'CURALICIOUS','curalicious','','squelette','','','0000-00-00 00:00:00','0000-00-00 00:00:00','',''),(31,'SOCIALTAGS','Social tags','<multi>[en]Activate the social link sharing network buttons.[es]Activar botones de compartir de enlaces en las redes sociales.[fr]Activer des boutons de partage de liens sur les réseaux sociaux.[nl]Activeer knoppen om links te delen op sociale netwerken.[pt_br]Ativar os botões de compartilhamento de links nas redes sociais.</multi>','communication','','','0000-00-00 00:00:00','0000-00-00 00:00:00','','');

/*Table structure for table `spip_referers` */

CREATE TABLE `spip_referers` (
  `referer_md5` bigint(20) unsigned NOT NULL,
  `date` date NOT NULL,
  `referer` varchar(255) DEFAULT NULL,
  `visites` int(10) unsigned NOT NULL,
  `visites_jour` int(10) unsigned NOT NULL,
  `visites_veille` int(10) unsigned NOT NULL,
  `maj` timestamp NULL DEFAULT NULL,
  PRIMARY KEY (`referer_md5`)
) ENGINE=MyISAM DEFAULT CHARSET=utf8;

/*Data for the table `spip_referers` */

/*Table structure for table `spip_referers_articles` */

CREATE TABLE `spip_referers_articles` (
  `id_article` int(10) unsigned NOT NULL,
  `referer_md5` bigint(20) unsigned NOT NULL,
  `referer` varchar(255) NOT NULL DEFAULT '',
  `visites` int(10) unsigned NOT NULL,
  `maj` timestamp NULL DEFAULT NULL,
  PRIMARY KEY (`id_article`,`referer_md5`),
  KEY `referer_md5` (`referer_md5`)
) ENGINE=MyISAM DEFAULT CHARSET=utf8;

/*Data for the table `spip_referers_articles` */

/*Table structure for table `spip_resultats` */

CREATE TABLE `spip_resultats` (
  `recherche` char(16) NOT NULL DEFAULT '',
  `id` int(10) unsigned NOT NULL,
  `points` int(10) unsigned NOT NULL DEFAULT '0',
  `table_objet` varchar(30) NOT NULL DEFAULT '',
  `serveur` char(16) NOT NULL DEFAULT '',
  `maj` timestamp NULL DEFAULT NULL
) ENGINE=MyISAM DEFAULT CHARSET=utf8;

/*Data for the table `spip_resultats` */

/*Table structure for table `spip_rubriques` */

CREATE TABLE `spip_rubriques` (
  `id_rubrique` bigint(21) NOT NULL AUTO_INCREMENT,
  `id_parent` bigint(21) NOT NULL DEFAULT '0',
  `titre` text NOT NULL,
  `descriptif` text NOT NULL,
  `texte` longtext NOT NULL,
  `id_secteur` bigint(21) NOT NULL DEFAULT '0',
  `maj` timestamp NULL DEFAULT NULL,
  `statut` varchar(10) NOT NULL DEFAULT '0',
  `date` datetime NOT NULL DEFAULT '0000-00-00 00:00:00',
  `lang` varchar(10) NOT NULL DEFAULT '',
  `langue_choisie` varchar(3) DEFAULT 'non',
  `statut_tmp` varchar(10) NOT NULL DEFAULT '0',
  `date_tmp` datetime NOT NULL DEFAULT '0000-00-00 00:00:00',
  `profondeur` smallint(5) NOT NULL DEFAULT '0',
  PRIMARY KEY (`id_rubrique`),
  KEY `lang` (`lang`),
  KEY `id_parent` (`id_parent`)
) ENGINE=MyISAM AUTO_INCREMENT=15 DEFAULT CHARSET=utf8;

/*Data for the table `spip_rubriques` */

insert  into `spip_rubriques`(`id_rubrique`,`id_parent`,`titre`,`descriptif`,`texte`,`id_secteur`,`maj`,`statut`,`date`,`lang`,`langue_choisie`,`statut_tmp`,`date_tmp`,`profondeur`) values (1,13,'Ouest de la France','Les randonnées dans l\'Ouest de la France','Cette rubrique contient tous les articles ayant pour sujet mes randonnées dans l\'ouest de la France',13,NULL,'publie','2017-08-22 14:16:31','fr','non','0','0000-00-00 00:00:00',1),(2,1,'Loire Atlantique','','Mes randonnées en Loire Atlantique',13,NULL,'publie','2017-08-22 14:16:31','fr','non','0','0000-00-00 00:00:00',2),(3,1,'Morbihan','','',13,NULL,'publie','2017-07-24 14:54:40','fr','non','0','0000-00-00 00:00:00',2),(4,13,'Sud de la France','','',13,NULL,'publie','2017-08-23 15:40:09','fr','non','0','0000-00-00 00:00:00',1),(5,4,'Hautes-Alpes','','',13,NULL,'publie','2017-07-24 14:54:46','fr','non','0','0000-00-00 00:00:00',2),(6,4,'Var','','',13,NULL,'publie','2017-08-23 15:40:09','fr','non','0','0000-00-00 00:00:00',2),(7,1,'Ille-et-Vilaine','','',13,NULL,'publie','2017-07-24 16:37:04','fr','non','0','0000-00-00 00:00:00',2),(8,0,'Publication de Video','Ici seront publier des vidéo','',8,NULL,'publie','2017-08-22 14:23:07','fr','non','0','0000-00-00 00:00:00',0),(9,8,'Orange','','',8,NULL,'publie','2017-08-22 14:17:38','fr','non','0','0000-00-00 00:00:00',1),(10,0,'Contenu général','','',10,NULL,'publie','2017-07-28 16:27:00','fr','non','0','0000-00-00 00:00:00',0),(11,0,'Pages statiques','','',11,NULL,'publie','2017-08-22 17:39:19','fr','non','0','0000-00-00 00:00:00',0),(12,0,'Accueil','','',12,NULL,'publie','2017-08-22 17:52:02','fr','non','0','0000-00-00 00:00:00',0),(13,0,'Voyages en Europe','','',13,NULL,'publie','2017-08-23 15:40:09','fr','non','0','0000-00-00 00:00:00',0),(14,0,'Voyages Etats Unis','','',14,NULL,'publie','2017-08-23 13:03:55','fr','non','0','0000-00-00 00:00:00',0);

/*Table structure for table `spip_signatures` */

CREATE TABLE `spip_signatures` (
  `id_signature` bigint(21) NOT NULL AUTO_INCREMENT,
  `id_petition` bigint(21) NOT NULL DEFAULT '0',
  `date_time` datetime NOT NULL DEFAULT '0000-00-00 00:00:00',
  `nom_email` text NOT NULL,
  `ad_email` text NOT NULL,
  `nom_site` text NOT NULL,
  `url_site` text NOT NULL,
  `message` mediumtext NOT NULL,
  `statut` varchar(10) NOT NULL DEFAULT '0',
  `maj` timestamp NULL DEFAULT NULL,
  PRIMARY KEY (`id_signature`),
  KEY `id_petition` (`id_petition`),
  KEY `statut` (`statut`)
) ENGINE=MyISAM DEFAULT CHARSET=utf8;

/*Data for the table `spip_signatures` */

/*Table structure for table `spip_syndic` */

CREATE TABLE `spip_syndic` (
  `id_syndic` bigint(21) NOT NULL AUTO_INCREMENT,
  `id_rubrique` bigint(21) NOT NULL DEFAULT '0',
  `id_secteur` bigint(21) NOT NULL DEFAULT '0',
  `nom_site` text NOT NULL,
  `url_site` text NOT NULL,
  `url_syndic` text NOT NULL,
  `descriptif` text NOT NULL,
  `maj` timestamp NULL DEFAULT NULL,
  `syndication` varchar(3) NOT NULL DEFAULT '',
  `statut` varchar(10) NOT NULL DEFAULT '0',
  `date` datetime NOT NULL DEFAULT '0000-00-00 00:00:00',
  `date_syndic` datetime NOT NULL DEFAULT '0000-00-00 00:00:00',
  `date_index` datetime NOT NULL DEFAULT '0000-00-00 00:00:00',
  `moderation` varchar(3) DEFAULT 'non',
  `miroir` varchar(3) DEFAULT 'non',
  `oubli` varchar(3) DEFAULT 'non',
  `resume` varchar(3) DEFAULT 'oui',
  PRIMARY KEY (`id_syndic`),
  KEY `id_rubrique` (`id_rubrique`),
  KEY `id_secteur` (`id_secteur`),
  KEY `statut` (`statut`,`date_syndic`)
) ENGINE=MyISAM DEFAULT CHARSET=utf8;

/*Data for the table `spip_syndic` */

/*Table structure for table `spip_syndic_articles` */

CREATE TABLE `spip_syndic_articles` (
  `id_syndic_article` bigint(21) NOT NULL AUTO_INCREMENT,
  `id_syndic` bigint(21) NOT NULL DEFAULT '0',
  `titre` text NOT NULL,
  `url` text NOT NULL,
  `date` datetime NOT NULL DEFAULT '0000-00-00 00:00:00',
  `lesauteurs` text NOT NULL,
  `maj` timestamp NULL DEFAULT NULL,
  `statut` varchar(10) NOT NULL DEFAULT '0',
  `descriptif` text NOT NULL,
  `lang` varchar(10) NOT NULL DEFAULT '',
  `url_source` tinytext NOT NULL,
  `source` tinytext NOT NULL,
  `tags` text NOT NULL,
  PRIMARY KEY (`id_syndic_article`),
  KEY `id_syndic` (`id_syndic`),
  KEY `statut` (`statut`),
  KEY `url` (`url`(255))
) ENGINE=MyISAM DEFAULT CHARSET=utf8;

/*Data for the table `spip_syndic_articles` */

/*Table structure for table `spip_types_documents` */

CREATE TABLE `spip_types_documents` (
  `extension` varchar(10) NOT NULL DEFAULT '',
  `titre` text NOT NULL,
  `descriptif` text NOT NULL,
  `mime_type` varchar(100) NOT NULL DEFAULT '',
  `inclus` enum('non','image','embed') NOT NULL DEFAULT 'non',
  `upload` enum('oui','non') NOT NULL DEFAULT 'oui',
  `media_defaut` varchar(10) NOT NULL DEFAULT 'file',
  `maj` timestamp NULL DEFAULT NULL,
  PRIMARY KEY (`extension`),
  KEY `inclus` (`inclus`)
) ENGINE=MyISAM DEFAULT CHARSET=utf8;

/*Data for the table `spip_types_documents` */

insert  into `spip_types_documents`(`extension`,`titre`,`descriptif`,`mime_type`,`inclus`,`upload`,`media_defaut`,`maj`) values ('jpg','JPEG','','image/jpeg','image','oui','image',NULL),('png','PNG','','image/png','image','oui','image',NULL),('gif','GIF','','image/gif','image','oui','image',NULL),('bmp','BMP','','image/x-ms-bmp','image','oui','image',NULL),('tif','TIFF','','image/tiff','embed','oui','image',NULL),('aac','Advanced Audio Coding','','audio/mp4a-latm','embed','oui','audio',NULL),('ac3','AC-3 Compressed Audio','','audio/x-aac','embed','oui','audio',NULL),('aifc','Compressed AIFF Audio','','audio/x-aifc','embed','oui','audio',NULL),('aiff','AIFF','','audio/x-aiff','embed','oui','audio',NULL),('amr','Adaptive Multi-Rate Audio','','audio/amr','embed','oui','audio',NULL),('ape','Monkey\'s Audio File','','audio/x-monkeys-audio','embed','oui','audio',NULL),('asf','Windows Media','','video/x-ms-asf','embed','oui','video',NULL),('avi','AVI','','video/x-msvideo','embed','oui','video',NULL),('anx','Annodex','','application/annodex','embed','oui','file',NULL),('axa','Annodex Audio','','audio/annodex','embed','oui','audio',NULL),('axv','Annodex Video','','video/annodex','embed','oui','video',NULL),('dv','Digital Video','','video/x-dv','embed','oui','video',NULL),('f4a','Audio for Adobe Flash Player','','audio/mp4','embed','oui','audio',NULL),('f4b','Audio Book for Adobe Flash Player','','audio/mp4','embed','oui','audio',NULL),('f4p','Protected Video for Adobe Flash Player','','video/mp4','embed','oui','video',NULL),('f4v','Video for Adobe Flash Player','','video/mp4','embed','oui','video',NULL),('flac','Free Lossless Audio Codec','','audio/x-flac','embed','oui','audio',NULL),('flv','Flash Video','','video/x-flv','embed','oui','video',NULL),('m2p','MPEG-PS','','video/MP2P','embed','oui','video',NULL),('m2ts','BDAV MPEG-2 Transport Stream','','video/MP2T','embed','oui','video',NULL),('m4a','MPEG4 Audio','','audio/mp4a-latm','embed','oui','audio',NULL),('m4b','MPEG4 Audio','','audio/mp4a-latm','embed','oui','audio',NULL),('m4p','MPEG4 Audio','','audio/mp4a-latm','embed','oui','audio',NULL),('m4r','iPhone Ringtone','','audio/aac','embed','oui','audio',NULL),('m4u','MPEG4 Playlist','','video/vnd.mpegurl','non','oui','video',NULL),('m4v','MPEG4 Video','','video/x-m4v','embed','oui','video',NULL),('mid','Midi','','audio/midi','embed','oui','audio',NULL),('mka','Matroska Audio','','audio/mka','embed','oui','audio',NULL),('mkv','Matroska Video','','video/mkv','embed','oui','video',NULL),('mng','MNG','','video/x-mng','embed','oui','video',NULL),('mov','QuickTime','','video/quicktime','embed','oui','video',NULL),('mp3','MP3','','audio/mpeg','embed','oui','audio',NULL),('mp4','MPEG4','','application/mp4','embed','oui','video',NULL),('mpc','Musepack','','audio/x-musepack','embed','oui','audio',NULL),('mpg','MPEG','','video/mpeg','embed','oui','video',NULL),('mts','AVCHD MPEG-2 transport stream','','video/MP2T','embed','oui','video',NULL),('oga','Ogg Audio','','audio/ogg','embed','oui','audio',NULL),('ogg','Ogg Vorbis','','audio/ogg','embed','oui','audio',NULL),('ogv','Ogg Video','','video/ogg','embed','oui','video',NULL),('ogx','Ogg Multiplex','','application/ogg','embed','oui','video',NULL),('qt','QuickTime','','video/quicktime','embed','oui','video',NULL),('ra','RealAudio','','audio/x-pn-realaudio','embed','oui','audio',NULL),('ram','RealAudio','','audio/x-pn-realaudio','embed','oui','audio',NULL),('rm','RealAudio','','audio/x-pn-realaudio','embed','oui','audio',NULL),('spx','Ogg Speex','','audio/ogg','embed','oui','audio',NULL),('svg','Scalable Vector Graphics','','image/svg+xml','embed','oui','image',NULL),('svgz','Compressed Scalable Vector Graphic','','image/svg+xml','embed','oui','image',NULL),('swf','Flash','','application/x-shockwave-flash','embed','oui','video',NULL),('ts','MPEG transport stream','','video/MP2T','embed','oui','video',NULL),('wav','WAV','','audio/x-wav','embed','oui','audio',NULL),('webm','WebM','','video/webm','embed','oui','video',NULL),('wma','Windows Media Audio','','audio/x-ms-wma','embed','oui','audio',NULL),('wmv','Windows Media Video','','video/x-ms-wmv','embed','oui','video',NULL),('y4m','YUV4MPEG2','','video/x-raw-yuv','embed','oui','video',NULL),('3gp','3rd Generation Partnership Project','','video/3gpp','embed','oui','video',NULL),('3ga','3GP Audio File','','audio/3ga','embed','oui','audio',NULL),('7z','7 Zip','','application/x-7z-compressed','non','oui','file',NULL),('ai','Adobe Illustrator','','application/illustrator','non','oui','image',NULL),('abw','Abiword','','application/abiword','non','oui','file',NULL),('asx','Advanced Stream Redirector','','video/x-ms-asf','non','oui','video',NULL),('bib','BibTeX','','application/x-bibtex','non','oui','file',NULL),('bin','Binary Data','','application/octet-stream','non','oui','file',NULL),('blend','Blender','','application/x-blender','non','oui','file',NULL),('bz2','BZip','','application/x-bzip2','non','oui','file',NULL),('c','C source','','text/x-csrc','non','oui','file',NULL),('csl','Citation Style Language','','application/xml','non','oui','file',NULL),('css','Cascading Style Sheet','','text/css','non','oui','file',NULL),('csv','Comma Separated Values','','text/csv','non','oui','file',NULL),('deb','Debian','','application/x-debian-package','non','oui','file',NULL),('doc','Word','','application/msword','non','oui','file',NULL),('dot','Word Template','','application/msword','non','oui','file',NULL),('djvu','DjVu','','image/vnd.djvu','non','oui','image',NULL),('dvi','LaTeX DVI','','application/x-dvi','non','oui','file',NULL),('emf','Enhanced Metafile','','image/x-emf','non','oui','image',NULL),('enl','EndNote Library','','application/octet-stream','non','oui','file',NULL),('ens','EndNote Style','','application/octet-stream','non','oui','file',NULL),('eps','PostScript','','application/postscript','non','oui','file',NULL),('epub','EPUB','','application/epub+zip','non','oui','file',NULL),('gpx','GPS eXchange Format','','application/gpx+xml','non','oui','file',NULL),('gz','GZ','','application/x-gzip','non','oui','file',NULL),('h','C header','','text/x-chdr','non','oui','file',NULL),('html','HTML','','text/html','non','oui','file',NULL),('ics','iCalendar','','text/calendar','non','oui','file',NULL),('jar','Java Archive','','application/java-archive','non','oui','file',NULL),('json','JSON','','application/json','non','oui','file',NULL),('kml','Keyhole Markup Language','','application/vnd.google-earth.kml+xml','non','oui','file',NULL),('kmz','Google Earth Placemark File','','application/vnd.google-earth.kmz','non','oui','file',NULL),('lyx','Lyx file','','application/x-lyx','non','oui','file',NULL),('m3u','M3U Playlist','','text/plain','non','oui','file',NULL),('m3u8','M3U8 Playlist','','text/plain','non','oui','file',NULL),('mathml','MathML','','application/mathml+xml','non','oui','file',NULL),('mbtiles','MBTiles','','application/x-sqlite3','non','oui','file',NULL),('md','Markdown Document','','text/x-markdown','non','oui','file',NULL),('pas','Pascal','','text/x-pascal','non','oui','file',NULL),('pdf','PDF','','application/pdf','non','oui','file',NULL),('pgn','Portable Game Notation','','application/x-chess-pgn','non','oui','file',NULL),('pls','Playlist','','text/plain','non','oui','file',NULL),('ppt','PowerPoint','','application/vnd.ms-powerpoint','non','oui','file',NULL),('pot','PowerPoint Template','','application/vnd.ms-powerpoint','non','oui','file',NULL),('ps','PostScript','','application/postscript','non','oui','file',NULL),('psd','Photoshop','','image/x-photoshop','non','oui','image',NULL),('rar','WinRAR','','application/x-rar-compressed','non','oui','file',NULL),('rdf','Resource Description Framework','','application/rdf+xml','non','oui','file',NULL),('ris','RIS','','application/x-research-info-systems','non','oui','file',NULL),('rpm','RedHat/Mandrake/SuSE','','application/x-redhat-package-manager','non','oui','file',NULL),('rtf','RTF','','application/rtf','non','oui','file',NULL),('sdc','StarOffice Spreadsheet','','application/vnd.stardivision.calc','non','oui','file',NULL),('sdd','StarOffice Presentation','','application/vnd.stardivision.impress','non','oui','file',NULL),('sdw','StarOffice Writer document','','application/vnd.stardivision.writer','non','oui','file',NULL),('sit','Stuffit','','application/x-stuffit','non','oui','file',NULL),('sla','Scribus','','application/x-scribus','non','oui','file',NULL),('srt','SubRip Subtitle','','text/plain','non','oui','file',NULL),('ssa','SubStation Alpha Subtitle','','text/plain','non','oui','file',NULL),('sxc','OpenOffice.org Calc','','application/vnd.sun.xml.calc','non','oui','file',NULL),('sxi','OpenOffice.org Impress','','application/vnd.sun.xml.impress','non','oui','file',NULL),('sxw','OpenOffice.org','','application/vnd.sun.xml.writer','non','oui','file',NULL),('tar','Tar','','application/x-tar','non','oui','file',NULL),('tex','LaTeX','','text/x-tex','non','oui','file',NULL),('tgz','TGZ','','application/x-gtar','non','oui','file',NULL),('torrent','BitTorrent','','application/x-bittorrent','non','oui','file',NULL),('ttf','TTF Font','','application/x-font-ttf','non','oui','file',NULL),('txt','Texte','','text/plain','non','oui','file',NULL),('usf','Universal Subtitle Format','','application/xml','non','oui','file',NULL),('vcf','vCard','','text/vcard','non','oui','file',NULL),('xcf','GIMP multi-layer','','application/x-xcf','non','oui','file',NULL),('xls','Excel','','application/vnd.ms-excel','non','oui','file',NULL),('xlt','Excel Template','','application/vnd.ms-excel','non','oui','file',NULL),('wmf','Windows Metafile','','image/x-emf','non','oui','image',NULL),('wpl','Windows Media Player Playlist','','application/vnd.ms-wpl','non','oui','file',NULL),('xspf','XSPF','','application/xspf+xml','non','oui','file',NULL),('xml','XML','','application/xml','non','oui','file',NULL),('yaml','YAML','','text/yaml','non','oui','file',NULL),('zip','Zip','','application/zip','non','oui','file',NULL),('odt','OpenDocument Text','','application/vnd.oasis.opendocument.text','non','oui','file',NULL),('ods','OpenDocument Spreadsheet','','application/vnd.oasis.opendocument.spreadsheet','non','oui','file',NULL),('odp','OpenDocument Presentation','','application/vnd.oasis.opendocument.presentation','non','oui','file',NULL),('odg','OpenDocument Graphics','','application/vnd.oasis.opendocument.graphics','non','oui','file',NULL),('odc','OpenDocument Chart','','application/vnd.oasis.opendocument.chart','non','oui','file',NULL),('odf','OpenDocument Formula','','application/vnd.oasis.opendocument.formula','non','oui','file',NULL),('odb','OpenDocument Database','','application/vnd.oasis.opendocument.database','non','oui','file',NULL),('odi','OpenDocument Image','','application/vnd.oasis.opendocument.image','non','oui','file',NULL),('odm','OpenDocument Text-master','','application/vnd.oasis.opendocument.text-master','non','oui','file',NULL),('ott','OpenDocument Text-template','','application/vnd.oasis.opendocument.text-template','non','oui','file',NULL),('ots','OpenDocument Spreadsheet-template','','application/vnd.oasis.opendocument.spreadsheet-template','non','oui','file',NULL),('otp','OpenDocument Presentation-template','','application/vnd.oasis.opendocument.presentation-template','non','oui','file',NULL),('otg','OpenDocument Graphics-template','','application/vnd.oasis.opendocument.graphics-template','non','oui','file',NULL),('cls','LaTeX Class','','text/x-tex','non','oui','file',NULL),('sty','LaTeX Style Sheet','','text/x-tex','non','oui','file',NULL),('docm','Word','','application/vnd.ms-word.document.macroEnabled.12','non','oui','file',NULL),('docx','Word','','application/vnd.openxmlformats-officedocument.wordprocessingml.document','non','oui','file',NULL),('dotm','Word template','','application/vnd.ms-word.template.macroEnabled.12','non','oui','file',NULL),('dotx','Word template','','application/vnd.openxmlformats-officedocument.wordprocessingml.template','non','oui','file',NULL),('potm','Powerpoint template','','application/vnd.ms-powerpoint.template.macroEnabled.12','non','oui','file',NULL),('potx','Powerpoint template','','application/vnd.openxmlformats-officedocument.presentationml.template','non','oui','file',NULL),('ppam','Powerpoint addin','','application/vnd.ms-powerpoint.addin.macroEnabled.12','non','oui','file',NULL),('ppsm','Powerpoint slideshow','','application/vnd.ms-powerpoint.slideshow.macroEnabled.12','non','oui','file',NULL),('ppsx','Powerpoint slideshow','','application/vnd.openxmlformats-officedocument.presentationml.slideshow','non','oui','file',NULL),('pptm','Powerpoint','','application/vnd.ms-powerpoint.presentation.macroEnabled.12','non','oui','file',NULL),('pptx','Powerpoint','','application/vnd.openxmlformats-officedocument.presentationml.presentation','non','oui','file',NULL),('xlam','Excel','','application/vnd.ms-excel.addin.macroEnabled.12','non','oui','file',NULL),('xlsb','Excel binary','','application/vnd.ms-excel.sheet.binary.macroEnabled.12','non','oui','file',NULL),('xlsm','Excel','','application/vnd.ms-excel.sheet.macroEnabled.12','non','oui','file',NULL),('xlsx','Excel','','application/vnd.openxmlformats-officedocument.spreadsheetml.sheet','non','oui','file',NULL),('xltm','Excel template','','application/vnd.ms-excel.template.macroEnabled.12','non','oui','file',NULL),('xltx','Excel template','','application/vnd.openxmlformats-officedocument.spreadsheetml.template','non','oui','file',NULL);

/*Table structure for table `spip_urls` */

CREATE TABLE `spip_urls` (
  `id_parent` bigint(21) NOT NULL DEFAULT '0',
  `url` varchar(255) NOT NULL,
  `type` varchar(25) NOT NULL DEFAULT 'article',
  `id_objet` bigint(21) NOT NULL,
  `date` datetime NOT NULL DEFAULT '0000-00-00 00:00:00',
  `segments` smallint(3) NOT NULL DEFAULT '1',
  `perma` tinyint(1) NOT NULL DEFAULT '0',
  PRIMARY KEY (`id_parent`,`url`),
  KEY `type` (`type`,`id_objet`)
) ENGINE=MyISAM DEFAULT CHARSET=utf8;

/*Data for the table `spip_urls` */

/*Table structure for table `spip_versions` */

CREATE TABLE `spip_versions` (
  `id_version` bigint(21) NOT NULL DEFAULT '0',
  `id_objet` bigint(21) NOT NULL DEFAULT '0',
  `objet` varchar(25) NOT NULL DEFAULT '',
  `date` datetime NOT NULL DEFAULT '0000-00-00 00:00:00',
  `id_auteur` varchar(23) NOT NULL DEFAULT '',
  `titre_version` text NOT NULL,
  `permanent` char(3) NOT NULL DEFAULT '',
  `champs` text NOT NULL,
  PRIMARY KEY (`id_version`,`id_objet`,`objet`),
  KEY `id_version` (`id_version`),
  KEY `id_objet` (`id_objet`),
  KEY `objet` (`objet`)
) ENGINE=MyISAM DEFAULT CHARSET=utf8;

/*Data for the table `spip_versions` */

/*Table structure for table `spip_versions_fragments` */

CREATE TABLE `spip_versions_fragments` (
  `id_fragment` int(10) unsigned NOT NULL DEFAULT '0',
  `version_min` int(10) unsigned NOT NULL DEFAULT '0',
  `version_max` int(10) unsigned NOT NULL DEFAULT '0',
  `id_objet` bigint(21) NOT NULL,
  `objet` varchar(25) NOT NULL DEFAULT '',
  `compress` tinyint(4) NOT NULL,
  `fragment` longblob,
  PRIMARY KEY (`id_objet`,`objet`,`id_fragment`,`version_min`)
) ENGINE=MyISAM DEFAULT CHARSET=utf8;

/*Data for the table `spip_versions_fragments` */

/*Table structure for table `spip_visites` */

CREATE TABLE `spip_visites` (
  `date` date NOT NULL,
  `visites` int(10) unsigned NOT NULL DEFAULT '0',
  `maj` timestamp NULL DEFAULT NULL,
  PRIMARY KEY (`date`)
) ENGINE=MyISAM DEFAULT CHARSET=utf8;

/*Data for the table `spip_visites` */

/*Table structure for table `spip_visites_articles` */

CREATE TABLE `spip_visites_articles` (
  `date` date NOT NULL,
  `id_article` int(10) unsigned NOT NULL,
  `visites` int(10) unsigned NOT NULL DEFAULT '0',
  `maj` timestamp NULL DEFAULT NULL,
  PRIMARY KEY (`date`,`id_article`)
) ENGINE=MyISAM DEFAULT CHARSET=utf8;

/*Data for the table `spip_visites_articles` */

/*!40101 SET SQL_MODE=@OLD_SQL_MODE */;
/*!40014 SET UNIQUE_CHECKS=@OLD_UNIQUE_CHECKS */;
/*!40111 SET SQL_NOTES=@OLD_SQL_NOTES */;
